,rest_type,url
0,Mexican,https://i.pinimg.com/236x/ca/9a/42/ca9a42a0bbf010baa1b8c3775db24999.jpg
1,Mexican,https://i.pinimg.com/236x/f2/b1/b8/f2b1b822b9139331badca72ae9c22e84.jpg
2,Mexican,https://i.pinimg.com/236x/00/c7/dd/00c7dde755e8969b253e1cf9fbde3f6d.jpg
3,Mexican,https://i.pinimg.com/236x/c2/fd/26/c2fd26109d004b9262c22524c768991a.jpg
4,Mexican,https://i.pinimg.com/236x/5e/9f/19/5e9f192201df64d8980368227d485f65.jpg
5,Mexican,https://i.pinimg.com/236x/d9/3f/bd/d93fbd6cec474b7dc38f90c5f84d2b3f.jpg
6,Mexican,https://i.pinimg.com/236x/46/60/1e/46601ee05dc809f1839e96ee8319224e.jpg
7,Mexican,https://i.pinimg.com/236x/40/9e/29/409e2961031891dd5f738fb4ad634cfd.jpg
8,Mexican,https://i.pinimg.com/236x/76/1f/3c/761f3cb08dbdacf04847462a9da2ca40.jpg
9,Mexican,https://i.pinimg.com/236x/23/c7/57/23c75789f088ffd21d80457ad0e5e2ae.jpg
10,Mexican,https://i.pinimg.com/236x/94/c3/f1/94c3f194f741d5e6586249d1171d7df6.jpg
11,Mexican,https://i.pinimg.com/236x/9d/80/71/9d807155d6599cc2bb22d93f74fd9d00.jpg
12,Mexican,https://i.pinimg.com/236x/09/85/0a/09850a0e00a7889e09af14fcfb19ae36.jpg
13,Mexican,https://i.pinimg.com/236x/fa/bb/20/fabb20aba6f9d439ef0c1fa1d3c361fa.jpg
14,Mexican,https://i.pinimg.com/236x/b7/71/92/b77192ce5f64ed7a8cc01805fdd13565--bean-and-cheese-burrito-how-to-roll-a-burrito-tortilla.jpg
15,Mexican,https://i.pinimg.com/236x/f4/70/96/f470965ed29ebb5baf3ce33022b52067.jpg
16,Mexican,https://i.pinimg.com/236x/0c/52/ac/0c52ac50896108843a828de0a4c90742.jpg
17,Mexican,https://i.pinimg.com/236x/4c/a0/37/4ca0370921d615adcaa5076dd79332fc.jpg
18,Mexican,https://i.pinimg.com/236x/26/67/ba/2667ba22a9c96fbace186f364078b6cd.jpg
19,Mexican,https://i.pinimg.com/236x/87/7f/d0/877fd087de02a5332687f548f0ef1fcf.jpg
20,Mexican,https://i.pinimg.com/236x/76/9e/0f/769e0fca474807e57bdebb86a611ea50.jpg
21,Mexican,https://i.pinimg.com/236x/82/9d/cc/829dccda4053d2367b15e7bbe1457eed.jpg
22,Mexican,https://i.pinimg.com/236x/d4/a0/89/d4a08944a44d7c46606c8ee5b9732dab.jpg
23,Mexican,https://i.pinimg.com/236x/4e/fc/e4/4efce41f4b97b256610b857d91f900e0.jpg
24,Mexican,https://i.pinimg.com/236x/ab/63/9d/ab639dd5bb195336f1c154994e369a4b.jpg
25,Mexican,https://i.pinimg.com/236x/a9/e6/c9/a9e6c935755c9d6723f3944e073d862a.jpg
26,Mexican,https://i.pinimg.com/236x/b8/e3/49/b8e3490e401e4220e719dd4effdcadf5.jpg
27,Mexican,https://i.pinimg.com/236x/11/dc/27/11dc27218c4b13464fbd6ca228136694.jpg
28,Mexican,https://i.pinimg.com/236x/c6/54/a7/c654a7afe6736ee37aacd11363dbad36.jpg
29,Mexican,https://i.pinimg.com/236x/79/c5/87/79c5876557abab84ca826031c6bc14d9.jpg
30,Mexican,https://i.pinimg.com/236x/c1/9f/3a/c19f3aef48ce9d5b31c3c698f776a76b.jpg
31,Mexican,https://i.pinimg.com/236x/13/76/06/1376067d05f01d07ce945479df54e176.jpg
32,Mexican,https://i.pinimg.com/236x/ca/99/a9/ca99a9d8d72a568606a15ffe63eba803.jpg
33,Mexican,https://i.pinimg.com/236x/35/9d/a3/359da3b65b1de26cf1f3ecd8c7ad7a48--breakfast-burrito-recipes-breakfast-burritos.jpg
34,Mexican,https://i.pinimg.com/236x/4b/ed/0f/4bed0fe2aa3c06f25ff39084a2c57498--california-burrito-the-california.jpg
35,Mexican,https://i.pinimg.com/236x/75/33/45/7533458a4866c9209d18a763e1a66d76.jpg
36,Mexican,https://i.pinimg.com/236x/42/c9/ba/42c9babd43033aea233b0b094c9c31c7.jpg
37,Mexican,https://i.pinimg.com/236x/ba/20/ac/ba20ac925fb98b11a2a7180956353324--burritos-rezept-mexica.jpg
38,Mexican,https://i.pinimg.com/236x/8c/a9/b4/8ca9b4d77dcc007ab90c01d2344722d7--mexican-food-recipes-burritos.jpg
39,Mexican,https://i.pinimg.com/236x/93/8b/24/938b247d78e16de7593ed013a9c08ade--burritos-veggie-best-beef-burritos.jpg
40,Mexican,https://i.pinimg.com/236x/66/53/d1/6653d1c20974d7c6508ac9a11925870f.jpg
41,Mexican,https://i.pinimg.com/236x/e9/64/b2/e964b27562bcbce92c9a25f5013b40f9.jpg
42,Mexican,https://i.pinimg.com/236x/61/70/86/617086a9a020084eef675e3552590eff.jpg
43,Mexican,https://i.pinimg.com/236x/c0/2e/79/c02e79b1a594f02f2226916dc990471d.jpg
44,Mexican,https://i.pinimg.com/236x/64/fc/79/64fc79f6fafe2b13172f7148d8be6355.jpg
45,Mexican,https://i.pinimg.com/236x/c8/5b/d4/c85bd493da5e2ca00d75dd7cf14e22d3.jpg
46,Mexican,https://i.pinimg.com/236x/b0/6b/c8/b06bc8884828a28d71cb793806d5b4c1.jpg
47,Mexican,https://i.pinimg.com/236x/e4/94/dc/e494dc572425f4da643064dfcb8b914a.jpg
48,Mexican,https://i.pinimg.com/236x/47/10/18/471018ab97584d8d09066ebb2915fd61.jpg
49,Mexican,https://i.pinimg.com/236x/e3/df/fd/e3dffde88b48ce55c96be659b3e85d9a.jpg
50,Mexican,https://i.pinimg.com/236x/02/52/de/0252dea10b1afaaf4d6170d0a012825b.jpg
51,Mexican,https://i.pinimg.com/236x/cf/9e/45/cf9e45946e12ac26a5b1623121f5a7f5.jpg
52,Mexican,https://i.pinimg.com/236x/2c/73/d4/2c73d45525848c185a79f2faadd532fa.jpg
53,Mexican,https://i.pinimg.com/236x/b0/7f/5b/b07f5be904805b9d87f6c6bf05ec5d23.jpg
54,Mexican,https://i.pinimg.com/236x/86/40/57/864057a429c46b1148448ac160c19168.jpg
55,Mexican,https://i.pinimg.com/236x/12/c9/50/12c950aea23eb1fa84b1b3fe3410f5a6.jpg
56,Mexican,https://i.pinimg.com/236x/dd/37/74/dd377456a918ee556a5d6ec372f63017.jpg
57,Mexican,https://i.pinimg.com/236x/bb/33/5e/bb335e5ffb0ed9bbe8b762697f328d68.jpg
58,Mexican,https://i.pinimg.com/236x/be/eb/36/beeb3614f1d6ab6993ae852c507b2e12.jpg
59,Mexican,https://i.pinimg.com/236x/d0/55/37/d055379f312136d70d6e41497f6677cd.jpg
60,Mexican,https://i.pinimg.com/236x/e0/15/95/e0159595c840202ff09b1d06184e6496.jpg
61,Mexican,https://i.pinimg.com/236x/cd/3f/de/cd3fdeec534184edbe5fbd9501edfa3d.jpg
62,Mexican,https://i.pinimg.com/236x/2f/bf/6a/2fbf6a5f585232f5285bb2cca1dc0601--mexican-food-recipes-mexican-dishes.jpg
63,Mexican,https://i.pinimg.com/236x/f2/e7/d0/f2e7d0faa6c6ed9b6422953566e29a02.jpg
64,Mexican,https://i.pinimg.com/236x/4d/c3/ad/4dc3adad353232e14fcf7702a289165b.jpg
65,Mexican,https://i.pinimg.com/236x/87/6e/aa/876eaa52b76382a57e70979442a8a1c7--grilled-chicken-recipes-cooked-chicken.jpg
66,Mexican,https://i.pinimg.com/236x/e7/50/0e/e7500ee7be90ecc5dea7a1d6ede0ba52.jpg
67,Mexican,https://i.pinimg.com/236x/5e/ea/f4/5eeaf458a9533b8d82054b3f3d422521.jpg
68,Mexican,https://i.pinimg.com/236x/49/08/eb/4908eb8e2899a1c35ee7819df0f33e52.jpg
69,Mexican,https://i.pinimg.com/236x/b3/5f/c1/b35fc1515d7f3656156e8428ef85e0b3.jpg
70,Mexican,https://i.pinimg.com/236x/9c/c5/16/9cc516bd0d8b6c7658b95440a7add47a.jpg
71,Mexican,https://i.pinimg.com/236x/31/f1/2f/31f12f95de52e4b5ff8520440c873709.jpg
72,Mexican,https://i.pinimg.com/236x/70/1d/8b/701d8b73ad7a4b452024838f5daaed71.jpg
73,Mexican,https://i.pinimg.com/236x/52/15/ba/5215baf4d54d672f5763ee0eeb86f801.jpg
74,Mexican,https://i.pinimg.com/236x/53/92/11/53921140f91e91ea9a5f8b56a43d886c.jpg
75,Mexican,https://i.pinimg.com/236x/6f/24/e9/6f24e998675f75f616cabbff46dc050c.jpg
76,Mexican,https://i.pinimg.com/236x/79/bd/8e/79bd8e26178d5ea6301fa11aa57d6dcb.jpg
77,Mexican,https://i.pinimg.com/236x/12/b5/a0/12b5a05427d3c8786c5b478eea7d8595.jpg
78,Mexican,https://i.pinimg.com/236x/bb/38/f9/bb38f999ffd6ba4f5f02642b951d2a07.jpg
79,Mexican,https://i.pinimg.com/236x/5a/7e/b6/5a7eb6e25a52964943e52198be275e9a.jpg
80,Mexican,https://i.pinimg.com/236x/29/56/88/29568893ebde363fe38646bfa55ed95d.jpg
81,Mexican,https://i.pinimg.com/236x/42/80/fd/4280fdc1569c99ac2d152fc2ac2bded3.jpg
82,Mexican,https://i.pinimg.com/236x/55/2b/4c/552b4cffa2a4f70ca38c566ca19ae04f.jpg
83,Mexican,https://i.pinimg.com/236x/55/26/02/552602775d77064f454b178ca6eb5335.jpg
84,Mexican,https://i.pinimg.com/236x/e4/c6/28/e4c628d0e3a398478017a79c5febbf4c.jpg
85,Mexican,https://i.pinimg.com/236x/cf/2d/56/cf2d565a761683c96e47b19cdc779dfa.jpg
86,Mexican,https://i.pinimg.com/236x/e5/de/79/e5de7908048534b21f01b8f1578c3249.jpg
87,Mexican,https://i.pinimg.com/236x/fe/2e/74/fe2e74695b86f0023dc8d77b92ae4a4e.jpg
88,Mexican,https://i.pinimg.com/236x/e2/63/14/e26314760ea4eacbf3277a57a95138d3.jpg
89,Mexican,https://i.pinimg.com/236x/0a/e5/aa/0ae5aada9dcf28ab0feba000aa590844.jpg
90,Mexican,https://i.pinimg.com/236x/60/ee/62/60ee62244ea9f96a04fa8c8914991dd0.jpg
91,Mexican,https://i.pinimg.com/236x/0f/41/76/0f4176301e28219e315b2e2fe18afa83.jpg
92,Mexican,https://i.pinimg.com/236x/21/15/09/2115098af6132bd0a108bd2addbf6350.jpg
93,Mexican,https://i.pinimg.com/236x/86/94/ec/8694ec2862e36a43de2d3a3b1ca0f63d.jpg
94,Mexican,https://i.pinimg.com/236x/45/77/35/4577352e1048c3528bc36d1c6e850b3e.jpg
95,Mexican,https://i.pinimg.com/236x/b9/d3/ec/b9d3ecc6f7312df17e4fa6bce7e0d389.jpg
96,Mexican,https://i.pinimg.com/236x/70/e0/7a/70e07ad9c70de104a231db70f2dc66d6.jpg
97,Mexican,https://i.pinimg.com/236x/ae/55/82/ae55828414a99f82773ec8ec5dafcf0e.jpg
98,Mexican,https://i.pinimg.com/236x/84/6d/fb/846dfbda9aebdd0bce6a8b7419a98ba8.jpg
99,Mexican,https://i.pinimg.com/236x/d3/38/c0/d338c02224389cc5e1379307340055eb.jpg
100,Mexican,https://i.pinimg.com/236x/d6/1a/ca/d61aca87332d7120d633685c65bbccad.jpg
101,Mexican,https://i.pinimg.com/236x/aa/a9/1c/aaa91c8ac05085cd71d9b1d079a473f1.jpg
102,Mexican,https://i.pinimg.com/236x/d6/16/fb/d616fbba95acf051e87f6c12e6272c9e.jpg
103,Mexican,https://i.pinimg.com/236x/7d/a4/f8/7da4f8efb9c096593d2d6b2d1977532c.jpg
104,Mexican,https://i.pinimg.com/236x/ae/ed/9e/aeed9ed241899929df2030c166a16746--beef-burritos-ground-burritos-beef.jpg
105,Mexican,https://i.pinimg.com/236x/9e/3f/8c/9e3f8c7009611aa39e3a3648280ce9e8.jpg
106,Mexican,https://i.pinimg.com/236x/9d/81/6c/9d816ca39183ee515930c5a75dbbb12b.jpg
107,Mexican,https://i.pinimg.com/236x/8a/e8/78/8ae87806b7e9ef4d1c063a03c9915b9f.jpg
108,Mexican,https://i.pinimg.com/236x/d7/2e/3b/d72e3b5241f07cf9ec58f4d90aacf5a6.jpg
109,Mexican,https://i.pinimg.com/236x/e9/5b/e2/e95be260cfa70f6aff1144f60520de58.jpg
110,Mexican,https://i.pinimg.com/236x/76/b5/ce/76b5ce33b414d7353c32a857fc9ecf69.jpg
111,Mexican,https://i.pinimg.com/236x/1d/cb/b9/1dcbb9742af3f93eac913731653c8a2f.jpg
112,Mexican,https://i.pinimg.com/236x/c0/7d/7f/c07d7f1cdc99969c93f0ab14e35127ae.jpg
113,Mexican,https://i.pinimg.com/236x/61/ca/c0/61cac077b281dd57ed040b37328507a3.jpg
114,Mexican,https://i.pinimg.com/236x/24/55/0b/24550ba1da7c23f1c6cfa302f74c7f5b.jpg
115,Mexican,https://i.pinimg.com/236x/a6/25/92/a6259270f26794897ceec2c4f917bfd5.jpg
116,Mexican,https://i.pinimg.com/236x/47/fe/e8/47fee8bb21e0d77be1d8277c3a392357--ashley-green-ashley-s.jpg
117,Mexican,https://i.pinimg.com/236x/2e/e1/b3/2ee1b3098cbb83008c6c977163d01917.jpg
118,Mexican,https://i.pinimg.com/236x/53/c9/02/53c90203c29e837a057e1e03e478bdd4.jpg
119,Mexican,https://i.pinimg.com/236x/85/03/bd/8503bd4e612eb12a1aa2a5d50a39adee.jpg
120,Mexican,https://i.pinimg.com/236x/a3/8f/dc/a38fdccef3a945f197c8099032795748.jpg
121,Mexican,https://i.pinimg.com/236x/09/f0/28/09f0280fb9f0406eb0c08e05be0a5164.jpg
122,Mexican,https://i.pinimg.com/236x/91/e5/c5/91e5c53dd5715bfd8bb1b73928803a4e.jpg
123,Mexican,https://i.pinimg.com/236x/a5/fa/25/a5fa2514262d5a2d39a88d2830e7b5f6.jpg
124,Mexican,https://i.pinimg.com/236x/23/98/3b/23983b20063b4288e0942a2bba8374a6.jpg
125,Mexican,https://i.pinimg.com/236x/17/a5/07/17a50795c1d74da6aed59db8ab3330ef.jpg
126,Mexican,https://i.pinimg.com/236x/d2/f1/15/d2f115479fbd5d14d3e044cd282ddefd.jpg
127,Mexican,https://i.pinimg.com/236x/e2/6c/1c/e26c1c56b8d867e0f3e0dfc87959c16c.jpg
128,Mexican,https://i.pinimg.com/236x/b1/49/81/b1498197c52f5341db07687616d963bf.jpg
129,Mexican,https://i.pinimg.com/236x/00/3a/3f/003a3ff80b32b51b5770c8c344ea2334.jpg
130,Mexican,https://i.pinimg.com/236x/85/52/db/8552db58304fd7095d1885810591c31e.jpg
131,Mexican,https://i.pinimg.com/236x/71/88/e8/7188e8818d38c2994984ed804c76988f--bean-and-cheese-burrito-burrito-bean.jpg
132,Mexican,https://i.pinimg.com/236x/c8/be/00/c8be005d2228ba35ddb2743cff7dc30e--chicken-burrito-recipes-chipotle-chicken-burritos.jpg
133,Mexican,https://i.pinimg.com/236x/b0/01/61/b001611056457d99f625566c709f44ba--chicken-burrito-recipes-chicken-wrap-recipes.jpg
134,Mexican,https://i.pinimg.com/236x/59/31/75/5931756bd9ba9d985d91ae36cfe0335d--taco-bells-old-school.jpg
135,Mexican,https://i.pinimg.com/236x/2b/e4/4b/2be44b2a34335dde1f6c133dbfb7dcaa.jpg
136,Mexican,https://i.pinimg.com/236x/a3/e7/b3/a3e7b37fa2e1555afe8f975ff3e4ae0a.jpg
137,Mexican,https://i.pinimg.com/236x/c2/91/df/c291dfd50da6ec41b1277e01034cc36a.jpg
138,Mexican,https://i.pinimg.com/236x/3d/66/ae/3d66ae68ab75e5f2716148fb126e4748.jpg
139,Mexican,https://i.pinimg.com/236x/21/00/3b/21003bd407788825a5ca917262ec8fe6.jpg
140,Mexican,https://i.pinimg.com/236x/5e/29/2f/5e292f47be288b56d7fc547b25823d63.jpg
141,Mexican,https://i.pinimg.com/236x/db/7a/2b/db7a2b30e8ab210e164111873d8e2edc.jpg
142,Mexican,https://i.pinimg.com/236x/bc/98/a3/bc98a32d568d41ab34822b712f95074f--vegetable-burrito-recipe-burritos-veggie.jpg
143,Mexican,https://i.pinimg.com/236x/d8/2e/3c/d82e3cbf8c9d69fa6f00832447fa2ffd.jpg
144,Mexican,https://i.pinimg.com/236x/ba/5a/70/ba5a7048b0e733a74596135ea8c829f8.jpg
145,Mexican,https://i.pinimg.com/236x/76/f4/46/76f446a14d19bc2f5273810c01b0396d.jpg
146,Mexican,https://i.pinimg.com/236x/0a/fb/ac/0afbacd8719ba84c7bb760b7de1ab6b7.jpg
147,Mexican,https://i.pinimg.com/236x/55/7c/c9/557cc94b13c2e93f6d7720195ca738f2.jpg
148,Mexican,https://i.pinimg.com/236x/30/1f/c9/301fc90a8d42ce07666a5e99b4d1abc7.jpg
149,Mexican,https://i.pinimg.com/236x/d0/e3/69/d0e36922ac998405a085c5ce80d22bcd.jpg
150,Mexican,https://i.pinimg.com/236x/2a/3b/9b/2a3b9b4a25e2855a14e67fea8022c946.jpg
151,Mexican,https://i.pinimg.com/236x/4d/68/a4/4d68a472d89d600fbf25e8f5d1c4611a.jpg
152,Mexican,https://i.pinimg.com/236x/f1/9f/cc/f19fccee0e3178e3b5829660e326c078.jpg
153,Mexican,https://i.pinimg.com/236x/45/6c/81/456c811184358ec661b38b8994c9a1d6--breakfast-tortilla-breakfast-burrito-recipes.jpg
154,Mexican,https://i.pinimg.com/236x/62/b8/17/62b817cda283083efe1d83f9b7e8f800.jpg
155,Mexican,https://i.pinimg.com/236x/85/98/b4/8598b437d64a313d540b4697e19b66c4.jpg
156,Mexican,https://i.pinimg.com/236x/1b/ae/f7/1baef740e30530e16e9b3c9aa060ac96.jpg
157,Mexican,https://i.pinimg.com/236x/81/11/af/8111af08bf2a256f757035ee30664c53.jpg
158,Mexican,https://i.pinimg.com/236x/a6/a9/79/a6a9798d0062c2a207fddb6ab9ec8a7b.jpg
159,Mexican,https://i.pinimg.com/236x/8f/53/dd/8f53dd3b39c1d80fc29aae62c46d2edc.jpg
160,Mexican,https://i.pinimg.com/236x/01/9c/ba/019cba2bf995ff7db5de59688eb20080--rice-bowls-rice-bowl-recipe-chipotle.jpg
161,Mexican,https://i.pinimg.com/236x/82/c0/d3/82c0d38d826709cbf87a6878fefd4435.jpg
162,Mexican,https://i.pinimg.com/236x/61/64/15/61641562ba953290212a4fa9fdcced80--burrito-recipes-lunch-recipes.jpg
163,Mexican,https://i.pinimg.com/236x/d1/db/51/d1db516d0372152286c8a3b2ff9601a8--breakfast-buritos-easy-breakfast-burritos.jpg
164,Mexican,https://i.pinimg.com/236x/f5/34/c0/f534c0f94e440582ce2730f06e288118--burrito-vegan-vegan-tacos.jpg
165,Mexican,https://i.pinimg.com/236x/bf/53/7b/bf537ba98374cbad58673fd1a43d6982.jpg
166,Mexican,https://i.pinimg.com/236x/a5/45/31/a54531ec70b29b824377fac35db3f669.jpg
167,Mexican,https://i.pinimg.com/236x/1c/19/ac/1c19ac0ab5880d936518d9be6e4bf35a.jpg
168,Mexican,https://i.pinimg.com/236x/26/fc/05/26fc052bc1dd24ad9f9b28961fde9fef--chicken-burrito-recipes-chicken-burritos.jpg
169,Mexican,https://i.pinimg.com/236x/98/b7/cf/98b7cfa9e9b258f1e5634117efa3ff2f.jpg
170,Mexican,https://i.pinimg.com/236x/f6/ff/bb/f6ffbb5e0133b20b1e94e3beb8d3d435.jpg
171,Mexican,https://i.pinimg.com/236x/1a/9f/2f/1a9f2fc313f963b674db99abd0449a4b.jpg
172,Mexican,https://i.pinimg.com/236x/c2/d4/d9/c2d4d95dcfdd4917e7c3913c4d8d02f5.jpg
173,Mexican,https://i.pinimg.com/236x/8f/87/9d/8f879ddffa937c47356999feae546183.jpg
174,Mexican,https://i.pinimg.com/236x/11/3f/6b/113f6b5b994c694c8e8c62279195a88f.jpg
175,Mexican,https://i.pinimg.com/236x/1a/54/1b/1a541b7c97983d7f8437314cb547e538.jpg
176,Mexican,https://i.pinimg.com/236x/b1/8d/35/b18d354d4a304d7dc116dd8108c10012--breakfast-burritos-healthy-breakfast-burrito-recipe.jpg
177,Mexican,https://i.pinimg.com/236x/c9/cd/07/c9cd07e494fccd976b60c9df4788a78b.jpg
178,Mexican,https://i.pinimg.com/236x/e7/61/c0/e761c04406b1314fffb15a6015b26f8c--peek-a-boos-donkeys.jpg
179,Mexican,https://i.pinimg.com/236x/36/77/1c/36771c70e14baef12bf0fd1d43d9aa6a.jpg
180,Mexican,https://i.pinimg.com/236x/11/93/07/1193078a8ae193f377d935f81230453a.jpg
181,Mexican,https://i.pinimg.com/236x/46/2a/0a/462a0a71f3c66b600f44bb6239e0e4ca--chicken-burritos-chicken-wraps.jpg
182,Mexican,https://i.pinimg.com/236x/3b/3f/ae/3b3fae96cf34b5f935e73b66b3097f72.jpg
183,Mexican,https://i.pinimg.com/236x/fb/22/ac/fb22acc833c88d660f22e1d65954f26a--burrito-recipe-chorizo-recipes.jpg
184,Mexican,https://i.pinimg.com/236x/92/f8/11/92f8114b5eb5e733ba34829e00cf1233.jpg
185,Mexican,https://i.pinimg.com/236x/d0/c7/20/d0c72044f5808d786a4f257ff10b15a5.jpg
186,Mexican,https://i.pinimg.com/236x/a0/eb/f3/a0ebf36f837c5c0c12890198f8bee31b--weber-recipes-the-lunchbox.jpg
187,Mexican,https://i.pinimg.com/236x/54/ae/89/54ae89ceee7fd42e0fafb9181b63162c--tortillas.jpg
188,Mexican,https://i.pinimg.com/236x/83/7b/71/837b71795eeb6fe3dfd3ad4bc743ea5a.jpg
189,Mexican,https://i.pinimg.com/236x/02/86/17/02861759344eab7cf7dd2eb6b3951d2b.jpg
190,Mexican,https://i.pinimg.com/236x/9c/f5/6e/9cf56e4f82543538d978f3a847e9fafa.jpg
191,Mexican,https://i.pinimg.com/236x/ce/e9/b3/cee9b3c34ee89aaa7c733a9a50849e21.jpg
192,Mexican,https://i.pinimg.com/236x/7a/88/4d/7a884d85bba96fb759597c0ff735e275.jpg
193,Mexican,https://i.pinimg.com/236x/f4/9f/53/f49f53af489031483d85b32e02d30f87--cooked-chicken-the-chicken.jpg
194,Mexican,https://i.pinimg.com/236x/0f/06/ef/0f06ef947b756b6d3fb4c2c2fdac5565.jpg
195,Mexican,https://i.pinimg.com/236x/d1/04/ce/d104cedcab484061f83bca1eae4f7185.jpg
196,Mexican,https://i.pinimg.com/236x/4d/f3/26/4df3261a8f674eec81b3dcd24b897bf9.jpg
197,Mexican,https://i.pinimg.com/236x/0d/6e/c8/0d6ec890380e8a28d163242537b522c5.jpg
198,Mexican,https://i.pinimg.com/236x/55/21/db/5521db70e702461e79e2a5081f6cc3ac.jpg
199,Mexican,https://i.pinimg.com/236x/0f/09/64/0f09646d79bf7365260b4db31f7dd08c.jpg
200,Mexican,https://i.pinimg.com/236x/c9/53/cc/c953cc30cb59b331c1dd1b032cae5245.jpg
201,Mexican,https://i.pinimg.com/236x/46/c7/34/46c734d47facccf99d63208fa31f36bd.jpg
202,Mexican,https://i.pinimg.com/236x/a8/97/bf/a897bf1cdf274bc960d3056b4e012a3b.jpg
203,Mexican,https://i.pinimg.com/236x/0a/a6/fc/0aa6fce704b86880fc4d00edb3a14d5f.jpg
204,Mexican,https://i.pinimg.com/236x/69/ae/34/69ae3455202c8dc442c78fb7e5c60f27.jpg
205,Mexican,https://i.pinimg.com/236x/46/13/35/461335dba5bd354619ea1a4796f4884d--high-protein-vegan-breakfast-high-protein-vegan-recipes.jpg
206,Mexican,https://i.pinimg.com/236x/13/55/17/1355179d7b541a4f2ebb9fbb9825bf26--smothered-burritos-southern-breakfast.jpg
207,Mexican,https://i.pinimg.com/236x/ec/c7/fd/ecc7fde8672f317da1a45554a05c7f7b--healthy-comfort-food-comfort-foods.jpg
208,Mexican,https://i.pinimg.com/236x/1c/22/24/1c222468038840694581704be1af2f51--daisy-brand-taco-sauce.jpg
209,Mexican,https://i.pinimg.com/236x/bd/99/eb/bd99ebcc11f21d2eb908a75bd41175e6--freezer-burritos-bean-burritos.jpg
210,Mexican,https://i.pinimg.com/236x/fa/8d/d5/fa8dd5c15c10223e30e623d69f56b103.jpg
211,Mexican,https://i.pinimg.com/236x/b4/62/de/b462dee5232dd61404200a05dd5b7fdd.jpg
212,Mexican,https://i.pinimg.com/236x/44/b2/18/44b21873b9f0ce0d3125493a96b8960e.jpg
213,Mexican,https://i.pinimg.com/236x/26/ad/4d/26ad4dd69f41114a86ccb602fc023578.jpg
214,Mexican,https://i.pinimg.com/236x/f5/55/cf/f555cf2b39290d877784f2e6aa8fffc3.jpg
215,Mexican,https://i.pinimg.com/236x/f4/ae/27/f4ae2712bf253f6e72c6020ea0812b67.jpg
216,Mexican,https://i.pinimg.com/236x/81/3e/45/813e45dc75044dd86502fe4d3b0c112b.jpg
217,Mexican,https://i.pinimg.com/236x/7d/08/08/7d080841cffe32e8527eedea98cc0cb0.jpg
218,Mexican,https://i.pinimg.com/236x/7f/44/26/7f44266ce1d5e6fc631c9d9cdbcb8fa1.jpg
219,Mexican,https://i.pinimg.com/236x/0a/fb/46/0afb46935842cbcdc0c043b1ae7bde5b.jpg
220,Mexican,https://i.pinimg.com/236x/19/25/3f/19253f02c2b9aac120503e18957c36db--healthy-sweets-healthy-breakfasts.jpg
221,Mexican,https://i.pinimg.com/236x/b8/c7/4c/b8c74ce538f3d199f4fe92f5971d5ded.jpg
222,Mexican,https://i.pinimg.com/236x/8f/74/76/8f7476d12881b4e4ad13b9bd4c32c534--avocado-quesadilla-mexican-cooking.jpg
223,Mexican,https://i.pinimg.com/236x/1d/9b/f5/1d9bf588a795c3f0c53aad30252c5a13.jpg
224,Mexican,https://i.pinimg.com/236x/f7/09/04/f70904d673dc29848b63ff3e0709850d.jpg
225,Mexican,https://i.pinimg.com/236x/35/b6/20/35b620dd396c7fe8056dbbd8857cac77.jpg
226,Mexican,https://i.pinimg.com/236x/7b/87/87/7b87877545166c3218984129f68a9bda.jpg
227,Mexican,https://i.pinimg.com/236x/38/df/80/38df8049451f0ed0e921a4ae4df67af9.jpg
228,Mexican,https://i.pinimg.com/236x/7b/0b/76/7b0b7691f42711625e32625287fe01ba.jpg
229,Mexican,https://i.pinimg.com/236x/96/de/15/96de15c3fcbee65f89b171f97dfca712.jpg
230,Mexican,https://i.pinimg.com/236x/50/22/74/50227487d9c155e9b28ef8318673839f.jpg
231,Mexican,https://i.pinimg.com/236x/0f/e9/93/0fe99302f7347ed79e263974dca5e5e7.jpg
232,Mexican,https://i.pinimg.com/236x/42/cb/26/42cb269561550537b0a6c065bb1fbd6e--broccoli-chicken-broccoli-and-cheese.jpg
233,Mexican,https://i.pinimg.com/236x/6f/d2/e5/6fd2e555162356b1cf272ce9ef5218aa.jpg
234,Mexican,https://i.pinimg.com/236x/19/ea/23/19ea23d59d8149e46cb9092d437c180d.jpg
235,Mexican,https://i.pinimg.com/236x/8d/7a/1b/8d7a1bd0e7f29421c9ccb86961025337--avocado-quesadilla-mexican-cooking.jpg
236,Mexican,https://i.pinimg.com/236x/8d/b6/01/8db601fda4d2863fdc12d321899424f8--kids-football-chili-cheese-nachos.jpg
237,Mexican,https://i.pinimg.com/236x/f4/51/3c/f4513c78ba51d7279eac6c43069c94da.jpg
238,Mexican,https://i.pinimg.com/236x/a4/9a/35/a49a35cdbf337f8a314bf0846cd943d6.jpg
239,Mexican,https://i.pinimg.com/236x/6d/b7/89/6db78973dc9b632bf84fb3cd26fafc84.jpg
240,Mexican,https://i.pinimg.com/236x/bd/b0/3d/bdb03d0152089571cfaa931719c8f653--burrito-bowls-burritos.jpg
241,Mexican,https://i.pinimg.com/236x/ef/1b/34/ef1b349c9f7692f2a583056aa8d1ce9d.jpg
242,Mexican,https://i.pinimg.com/236x/48/3e/70/483e7041d99e4aec7fdf9e065f463b48.jpg
243,Mexican,https://i.pinimg.com/236x/7d/cb/97/7dcb977f14c91a51c68fa6af52e752e0.jpg
244,Mexican,https://i.pinimg.com/236x/3e/62/15/3e62150ee13b702e633f84a5ef53f68c.jpg
245,Mexican,https://i.pinimg.com/236x/53/a3/68/53a368b8c9ca1cd78e6c6a0ce43d0576--shrimp-burrito-smothered-burritos.jpg
246,Mexican,https://i.pinimg.com/236x/e7/3a/4d/e73a4d14d39b274b16605bee656fcfe0.jpg
247,Mexican,https://i.pinimg.com/236x/75/64/5c/75645ca1d2768db9a1cbb2651038b6a1--breakfast-burrito-recipes-breakfast-burritos.jpg
248,Mexican,https://i.pinimg.com/236x/36/f5/a0/36f5a0ef7a3f85c344f2fdbcb22a5cb5--healthy-black-bean-recipes-recipes-using-black-beans.jpg
249,Mexican,https://i.pinimg.com/236x/a4/7b/9d/a47b9dec44ece32c0b4715e88d357cd6.jpg
250,Mexican,https://i.pinimg.com/236x/b0/f3/53/b0f353d7909f20fc5c376d3c41ca54a8.jpg
251,Mexican,https://i.pinimg.com/236x/fe/ae/93/feae9360b214ddefad0edf0e1a8e9ab1.jpg
252,Mexican,https://i.pinimg.com/236x/94/80/fa/9480faba1cdb772de275f72ff788885d--relationships-in-a-relationship.jpg
253,Mexican,https://i.pinimg.com/236x/8f/bd/74/8fbd74aad186a171a7ef9aa1d3187c9f.jpg
254,Mexican,https://i.pinimg.com/236x/a6/f4/7a/a6f47ae0070575b7aef777057380bed6--cool-recipes-spicy-recipes.jpg
255,Mexican,https://i.pinimg.com/236x/3b/11/0a/3b110a070388c8783d1c7f35af46726f--breakfast-burrito-healthy-avocado-breakfast.jpg
256,Mexican,https://i.pinimg.com/236x/de/ea/57/deea57e8aedceb2d36887ef05d8adce5.jpg
257,Mexican,https://i.pinimg.com/236x/d0/c7/20/d0c72044f5808d786a4f257ff10b15a5.jpg
258,Mexican,https://i.pinimg.com/236x/37/c4/12/37c41253b63132b2f8377764dcf7f912--recette-burritos-panini.jpg
259,Mexican,https://i.pinimg.com/236x/eb/45/78/eb4578618f0277844beba33695ab2045--top-recipes-amazing-recipes.jpg
260,Mexican,https://i.pinimg.com/236x/a0/eb/f3/a0ebf36f837c5c0c12890198f8bee31b--weber-recipes-the-lunchbox.jpg
261,Mexican,https://i.pinimg.com/236x/54/ae/89/54ae89ceee7fd42e0fafb9181b63162c--tortillas.jpg
262,Mexican,https://i.pinimg.com/236x/5b/42/80/5b42802aeab7176eeb16f55ba726fec8.jpg
263,Mexican,https://i.pinimg.com/236x/83/7b/71/837b71795eeb6fe3dfd3ad4bc743ea5a.jpg
264,Mexican,https://i.pinimg.com/236x/f4/9f/53/f49f53af489031483d85b32e02d30f87--cooked-chicken-the-chicken.jpg
265,Mexican,https://i.pinimg.com/236x/62/3f/ca/623fca6a78d69349b4f1a2aae1372b53.jpg
266,Mexican,https://i.pinimg.com/236x/48/f2/23/48f223c0045bc3126b163ab5dbd8f561--vegan-burrito-quinoa-burrito.jpg
267,Mexican,https://i.pinimg.com/236x/0f/06/ef/0f06ef947b756b6d3fb4c2c2fdac5565.jpg
268,Mexican,https://i.pinimg.com/236x/9f/00/9e/9f009e3ed9515c28f8316aec800db328.jpg
269,Mexican,https://i.pinimg.com/236x/89/28/41/8928413d59d10d67fe9c622fcdf4cc7f--burrito-wrap-egg-burrito.jpg
270,Mexican,https://i.pinimg.com/236x/a8/20/fa/a820fa40ad4461ff5a0231cb4455aaf4--freezer-burritos-bean-burritos.jpg
271,Mexican,https://i.pinimg.com/236x/48/7d/ea/487dea21a48144a99787dcff1e43f2c4.jpg
272,Mexican,https://i.pinimg.com/236x/82/40/2f/82402fddb18658b1ac5c8989f855ee04.jpg
273,Mexican,https://i.pinimg.com/236x/b5/e1/65/b5e1651fd19a56564d1535dedbdb422c.jpg
274,Mexican,https://i.pinimg.com/236x/cb/ca/0f/cbca0fa0c4eb4317c663e2f0ce2695b9.jpg
275,Mexican,https://i.pinimg.com/236x/5b/8f/5e/5b8f5ea5e81c146d60367e0aadf857f8--mexican-breakfast-recipes-mexican-meals.jpg
276,Mexican,https://i.pinimg.com/236x/89/f0/76/89f0764c52a7d4cf587047516c34805a--make-ahead-breakfast-burritos-breakfast-burrito-recipes.jpg
277,Mexican,https://i.pinimg.com/236x/be/a2/69/bea269d2dd36aa1120652446f83b37fc.jpg
278,Mexican,https://i.pinimg.com/236x/60/b1/34/60b13441e9b0423b2b4e29007febe68f.jpg
279,Mexican,https://i.pinimg.com/236x/89/d6/03/89d603b09b5c74729bb91ff8eaf08a0d--diets-for-weight-loss-quick-weight-loss.jpg
280,Mexican,https://i.pinimg.com/236x/f5/ec/8f/f5ec8f950db89305527e57b5ff25b2b4.jpg
281,Mexican,https://i.pinimg.com/236x/1c/27/5c/1c275c1802e53a0c18ad175c3e3dbb08.jpg
282,Mexican,https://i.pinimg.com/236x/95/25/53/952553ba52bc1f8af8a8d76ed8fbec9a--sushi-burrito-vegan-tofu-sushi.jpg
283,Mexican,https://i.pinimg.com/236x/c3/1f/ea/c31fea1cfff92d77e130b9ead56a785a--amaretti-cookies-cold-brew.jpg
284,Mexican,https://i.pinimg.com/236x/d6/1c/a0/d61ca06203e30d82773c0af346091b8c--breakfast-burrito-recipes-ideas-for-breakfast.jpg
285,Mexican,https://i.pinimg.com/236x/0d/82/a6/0d82a6c44b29d6eea99b811b0c2b1e9e.jpg
286,Mexican,https://i.pinimg.com/236x/c8/69/ef/c869ef4806322fc7e38ddc82b4c5bd06.jpg
287,Mexican,https://i.pinimg.com/236x/1b/25/b1/1b25b153e0dc576479579370489745e0.jpg
288,Mexican,https://i.pinimg.com/236x/4d/f3/26/4df3261a8f674eec81b3dcd24b897bf9.jpg
289,Mexican,https://i.pinimg.com/236x/51/67/56/5167561a032bad024a3c73ac2ad468bf--campingfood-backyard-camping.jpg
290,Mexican,https://i.pinimg.com/236x/f5/49/6a/f5496ab5f1a6f7c159759b2b70f07524.jpg
291,Mexican,https://i.pinimg.com/236x/da/96/8d/da968d1353facb4c86665f64e6627fbe.jpg
292,Mexican,https://i.pinimg.com/236x/0d/6e/c8/0d6ec890380e8a28d163242537b522c5.jpg
293,Mexican,https://i.pinimg.com/236x/55/21/db/5521db70e702461e79e2a5081f6cc3ac.jpg
294,Mexican,https://i.pinimg.com/236x/3a/0c/de/3a0cde677c3c37d6106a4c5483c6f5d6.jpg
295,Mexican,https://i.pinimg.com/236x/0f/09/64/0f09646d79bf7365260b4db31f7dd08c.jpg
296,Mexican,https://i.pinimg.com/236x/e0/3d/df/e03ddf6a16fa9a40c6dd71517f8d556d.jpg
297,Mexican,https://i.pinimg.com/236x/3b/4b/d8/3b4bd835b8e0207bf7022691e037b6dc.jpg
298,Mexican,https://i.pinimg.com/236x/88/b6/bd/88b6bde79c08c755154e42d8253ff0ad.jpg
299,Mexican,https://i.pinimg.com/236x/1c/e2/19/1ce2199e27a49c554cecec837a2e1ad4.jpg
300,Mexican,https://i.pinimg.com/236x/69/ae/34/69ae3455202c8dc442c78fb7e5c60f27.jpg
301,Mexican,https://i.pinimg.com/236x/46/13/35/461335dba5bd354619ea1a4796f4884d--high-protein-vegan-breakfast-high-protein-vegan-recipes.jpg
302,Mexican,https://i.pinimg.com/236x/05/08/5c/05085c09da662305eac6d56b2bb503f9--chicken-quinoa-recipes-quinoa-meals.jpg
303,Mexican,https://i.pinimg.com/236x/b0/43/1f/b0431ff58075a02410bc2b59ad46d04e.jpg
304,Mexican,https://i.pinimg.com/236x/2f/36/24/2f3624bba951ea460f978f33bb826c03--smothered-burritos-smothered-burrito-recipe.jpg
305,Mexican,https://i.pinimg.com/236x/ce/e9/32/cee93294ffe69a04cee9a5a9e6580946.jpg
306,Mexican,https://i.pinimg.com/236x/c9/d8/76/c9d876c5cbf0c333a876cc52653183ce.jpg
307,Mexican,https://i.pinimg.com/236x/0a/93/47/0a93475ee29bf9655a95572462df3553.jpg
308,Mexican,https://i.pinimg.com/236x/ec/c7/fd/ecc7fde8672f317da1a45554a05c7f7b--healthy-comfort-food-comfort-foods.jpg
309,Mexican,https://i.pinimg.com/236x/1c/22/24/1c222468038840694581704be1af2f51--daisy-brand-taco-sauce.jpg
310,Mexican,https://i.pinimg.com/236x/64/58/1a/64581af0bba269530b19f421ad289296.jpg
311,Mexican,https://i.pinimg.com/236x/68/5e/07/685e07f88c88d1a333dca72742fb9918.jpg
312,Mexican,https://i.pinimg.com/236x/85/6b/53/856b5310c0e075b82a6e52c87f733c7a.jpg
313,Mexican,https://i.pinimg.com/236x/f1/4e/04/f14e04042dd18ba4e30099c1b557e455.jpg
314,Mexican,https://i.pinimg.com/236x/ad/58/f5/ad58f5ab46015bf50725cb02c95a098a--healthy-breakfast-burritos-healthy-breakfasts.jpg
315,Mexican,https://i.pinimg.com/236x/50/6d/ae/506dae8b0526a956898ae5bba342a84b.jpg
316,Mexican,https://i.pinimg.com/236x/a7/56/d9/a756d965d161d6871af2e53a2b63a4b1.jpg
317,Mexican,https://i.pinimg.com/236x/a0/48/7b/a0487bf84494265c9ac0ea20568796de--smiling-animals-happy-animals.jpg
318,Mexican,https://i.pinimg.com/236x/9b/3c/d0/9b3cd0a32aecc9f8c962500dc0a2df05--avocado-brownies-avocado-ranch.jpg
319,Mexican,https://i.pinimg.com/236x/c4/ee/d5/c4eed5516db35a478b825f31fdffed60.jpg
320,Mexican,https://i.pinimg.com/236x/61/57/93/6157935c5dd9bdf0c878d482c4dcd77a--peanut-butter-sauce-chocolate-peanut-butter.jpg
321,Mexican,https://i.pinimg.com/236x/23/ef/29/23ef299c635a241d5c5b5c6ed7c1c497.jpg
322,Mexican,https://i.pinimg.com/236x/9f/47/da/9f47da97eb186e5a09609061a2f6685f--healthy-breakfast-burritos-healthy-breakfasts.jpg
323,Mexican,https://i.pinimg.com/236x/44/b2/18/44b21873b9f0ce0d3125493a96b8960e.jpg
324,Mexican,https://i.pinimg.com/236x/26/ad/4d/26ad4dd69f41114a86ccb602fc023578.jpg
325,Mexican,https://i.pinimg.com/236x/f5/55/cf/f555cf2b39290d877784f2e6aa8fffc3.jpg
326,Mexican,https://i.pinimg.com/236x/32/9e/ab/329eab07389322804bab14fa681ad6f3.jpg
327,Mexican,https://i.pinimg.com/236x/a1/ed/56/a1ed56d1bdb46b54919d82a95841b4c5--bay-area-sushi-recipes.jpg
328,Mexican,https://i.pinimg.com/236x/6b/01/0e/6b010eabcccb75422c4f30c5a0fdb3a4.jpg
329,Mexican,https://i.pinimg.com/236x/f4/ae/27/f4ae2712bf253f6e72c6020ea0812b67.jpg
330,Mexican,https://i.pinimg.com/236x/03/31/27/0331279fbe3815b59f80fbe69c6a3430.jpg
331,Mexican,https://i.pinimg.com/236x/f7/09/04/f70904d673dc29848b63ff3e0709850d.jpg
332,Mexican,https://i.pinimg.com/236x/be/92/6b/be926b042f77eb2e23c9674b6cabba6d--fried-burrito-fried-bean-burritos.jpg
333,Mexican,https://i.pinimg.com/236x/b7/5f/66/b75f669f9889e466d84f1987e4a95e38.jpg
334,Mexican,https://i.pinimg.com/236x/7b/98/47/7b9847984b0a4115d0110ebed129cf70--high-protein-breakfast-breakfast-muffins.jpg
335,Mexican,https://i.pinimg.com/236x/a6/3a/ad/a63aadbe637698df3286c4d2736077c4--southwestern-egg-rolls-southwestern-chicken.jpg
336,Mexican,https://i.pinimg.com/236x/ff/cc/99/ffcc99c00472eb2e83354f64272b433b--black-bean-burrito-black-bean-chili.jpg
337,Mexican,https://i.pinimg.com/236x/fb/5c/25/fb5c25efe5f70309b092d86a7cd5a0e6.jpg
338,Mexican,https://i.pinimg.com/236x/35/b6/20/35b620dd396c7fe8056dbbd8857cac77.jpg
339,Mexican,https://i.pinimg.com/236x/8f/7c/1b/8f7c1b142454df082fddc13db3e5c483.jpg
340,Mexican,https://i.pinimg.com/236x/38/df/80/38df8049451f0ed0e921a4ae4df67af9.jpg
341,Mexican,https://i.pinimg.com/236x/7b/0b/76/7b0b7691f42711625e32625287fe01ba.jpg
342,Mexican,https://i.pinimg.com/236x/07/f4/98/07f498846a820c518d37d1e675a3d7bc.jpg
343,Mexican,https://i.pinimg.com/236x/5f/4e/39/5f4e39bee6c02d21ca79f20b0c2cc314.jpg
344,Mexican,https://i.pinimg.com/236x/1a/ef/8c/1aef8c7ccbe2707ddcc60d6490abf15e.jpg
345,Mexican,https://i.pinimg.com/236x/fb/c4/e8/fbc4e8c82adc7213c8a8aa020c649d5d.jpg
346,Mexican,https://i.pinimg.com/236x/f7/12/a6/f712a64e902eeb775bd109f7e3e01f05.jpg
347,Mexican,https://i.pinimg.com/236x/8a/9a/a8/8a9aa8bf6289212caedf1de6a806e9b9.jpg
348,Mexican,https://i.pinimg.com/236x/b6/f3/86/b6f386207c530f227659e5530479f110--healthy-vegetarian-meals-veggie-meals.jpg
349,Mexican,https://i.pinimg.com/236x/59/c8/1c/59c81c9c4f72491b60611226b2770715.jpg
350,Mexican,https://i.pinimg.com/236x/02/71/66/02716659c27fc4da5bbff83de16f153a--burrito-recipes-steak-burrito-recipe.jpg
351,Mexican,https://i.pinimg.com/236x/41/2f/45/412f4525e18921c144d73194583311d6.jpg
352,Mexican,https://i.pinimg.com/236x/ac/66/74/ac6674ae904eeb02778c0b73abbe1baa.jpg
353,Mexican,https://i.pinimg.com/236x/46/b4/1a/46b41a6ecd55de74a2d9931a9872cd6c.jpg
354,Mexican,https://i.pinimg.com/236x/02/6d/3b/026d3b58815fdc9fb24be47a99e70052--best-food-recipes-clean-recipes.jpg
355,Mexican,https://i.pinimg.com/236x/6d/f9/00/6df9000ab94fd9c19a500a0d6eaa8218--chicken-burritos-burrito-bowl-chicken.jpg
356,Mexican,https://i.pinimg.com/236x/26/cc/12/26cc125accb689ddb1e99532e4006fde--clean-eating-family-recipes-clean-eating-chicken-and-rice.jpg
357,Mexican,https://i.pinimg.com/236x/ff/34/77/ff347753f08a786d4246754c57c4c3eb.jpg
358,Mexican,https://i.pinimg.com/236x/1b/91/6a/1b916a9e5dda087ef8a8332435dfe06c--breakfast-burrito-recipes-mexican-breakfast.jpg
359,Mexican,https://i.pinimg.com/236x/55/cb/1b/55cb1b8e4a5403012be1fc70b25e3199.jpg
360,Mexican,https://i.pinimg.com/236x/96/de/15/96de15c3fcbee65f89b171f97dfca712.jpg
361,Mexican,https://i.pinimg.com/236x/8d/b6/01/8db601fda4d2863fdc12d321899424f8--kids-football-chili-cheese-nachos.jpg
362,Mexican,https://i.pinimg.com/236x/4e/b3/3d/4eb33de5ccf941d58301a7ac06adf99d.jpg
363,Mexican,https://i.pinimg.com/236x/54/1d/83/541d83983b8cd3a0a82e781991387b0f.jpg
364,Mexican,https://i.pinimg.com/236x/15/60/fd/1560fd5496f6a3e215d1a984a5a90bc8.jpg
365,Mexican,https://i.pinimg.com/236x/be/b7/6d/beb76da6f1379f8b7a2224206813dc86--burrito-bowls-burrito-bowl-bar-parties.jpg
366,Mexican,https://i.pinimg.com/236x/52/99/83/52998367ebe6456082f86e90e55ba7a0.jpg
367,Mexican,https://i.pinimg.com/236x/e3/b7/a6/e3b7a6c1de227ec457ba979155cd28a9.jpg
368,Mexican,https://i.pinimg.com/236x/f4/51/3c/f4513c78ba51d7279eac6c43069c94da.jpg
369,Mexican,https://i.pinimg.com/236x/84/9e/c5/849ec5d764f5fb86d23fcc00fb3cb571.jpg
370,Mexican,https://i.pinimg.com/236x/c4/3b/c7/c43bc7ba2963e463973566f8900a114b.jpg
371,Mexican,https://i.pinimg.com/236x/a4/9a/35/a49a35cdbf337f8a314bf0846cd943d6.jpg
372,Mexican,https://i.pinimg.com/236x/6d/b7/89/6db78973dc9b632bf84fb3cd26fafc84.jpg
373,Mexican,https://i.pinimg.com/236x/e3/b4/4d/e3b44db8d6fc828e198063c5ee6d2a8f.jpg
374,Mexican,https://i.pinimg.com/236x/21/ea/e4/21eae4764d267d63d9dce98d079cd6bd.jpg
375,Mexican,https://i.pinimg.com/236x/bd/b0/3d/bdb03d0152089571cfaa931719c8f653--burrito-bowls-burritos.jpg
376,Mexican,https://i.pinimg.com/236x/50/d6/b9/50d6b9bb3da7c092016404dab6e498ed.jpg
377,Mexican,https://i.pinimg.com/236x/27/d4/fc/27d4fc9412a63e7dfeb1bcc9f819caba--breakfast-burritos-breakfast-meals.jpg
378,Mexican,https://i.pinimg.com/236x/48/3e/70/483e7041d99e4aec7fdf9e065f463b48.jpg
379,Mexican,https://i.pinimg.com/236x/27/46/29/2746294aa80d394c30fc8c3358c465e2.jpg
380,Mexican,https://i.pinimg.com/236x/7d/cb/97/7dcb977f14c91a51c68fa6af52e752e0.jpg
381,Mexican,https://i.pinimg.com/236x/96/a0/7e/96a07e1e3d83fab531b4d9324ab75b62.jpg
382,Mexican,https://i.pinimg.com/236x/93/9d/29/939d291eef3107a569b46f43a4a3d999.jpg
383,Mexican,https://i.pinimg.com/236x/ee/f6/8a/eef68abb800e6d67f3722c503e0731c5.jpg
384,Mexican,https://i.pinimg.com/236x/d5/6a/a2/d56aa2da1a49a6869b60bdadc01576a3.jpg
385,Mexican,https://i.pinimg.com/236x/3e/62/15/3e62150ee13b702e633f84a5ef53f68c.jpg
386,Mexican,https://i.pinimg.com/236x/85/3f/a2/853fa21ecb86e3510242dba3747b96c8.jpg
387,Mexican,https://i.pinimg.com/236x/d3/fa/67/d3fa6708da2b29e84c5482f5618d6e6b.jpg
388,Mexican,https://i.pinimg.com/236x/2f/24/18/2f2418eb2100cb246caded5806f867ad.jpg
389,Mexican,https://i.pinimg.com/236x/53/a3/68/53a368b8c9ca1cd78e6c6a0ce43d0576--shrimp-burrito-smothered-burritos.jpg
390,Mexican,https://i.pinimg.com/236x/e6/36/8d/e6368db3b1b314e7d830132d31417e41--buzzfeed-food-meal-of-the-day.jpg
391,Mexican,https://i.pinimg.com/236x/8e/75/bc/8e75bc3097aafef297616a9c9bbdd993.jpg
392,Mexican,https://i.pinimg.com/236x/61/b6/f2/61b6f2a5d8b57efee007689f8856c3ad.jpg
393,Mexican,https://i.pinimg.com/236x/23/32/da/2332dafef2dbd6be9794a7b20d24c0b4--chipotle-burrito-burritos.jpg
394,Mexican,https://i.pinimg.com/236x/ce/2f/11/ce2f1177089b27f67be9cda228e493ba.jpg
395,Mexican,https://i.pinimg.com/236x/17/32/1d/17321d70859d9a507615fd7c3737c5bc.jpg
396,Mexican,https://i.pinimg.com/236x/de/76/54/de76545f661b4faef8a2b15f5642d80c--food-specials-burrito-bowls.jpg
397,Mexican,https://i.pinimg.com/236x/3b/de/30/3bde30a013d5aac9cf379a1cad22d62e.jpg
398,Mexican,https://i.pinimg.com/236x/fb/25/f5/fb25f544125b201314f549a4c5854e67.jpg
399,Mexican,https://i.pinimg.com/236x/a3/46/05/a34605bb6a95c091704677ea0769600d--la-hacienda-copycat-recipes.jpg
400,Mexican,https://i.pinimg.com/236x/d5/e0/de/d5e0de6cca5c8708d86185426627c8b4.jpg
401,Mexican,https://i.pinimg.com/236x/f6/fd/15/f6fd15dfe063c40acdc1a4cf9a79399f--easy-breakfast-burrito-recipe-breakfast-burritos.jpg
402,Mexican,https://i.pinimg.com/236x/e7/3a/4d/e73a4d14d39b274b16605bee656fcfe0.jpg
403,Mexican,https://i.pinimg.com/236x/6d/b9/a9/6db9a9322ac081609f3dd3a4f0f567ec--good-recipes-recipe-ideas.jpg
404,Mexican,https://i.pinimg.com/236x/75/64/5c/75645ca1d2768db9a1cbb2651038b6a1--breakfast-burrito-recipes-breakfast-burritos.jpg
405,Mexican,https://i.pinimg.com/236x/4a/8e/6f/4a8e6fccdf3612b8768a00060d548993.jpg
406,Mexican,https://i.pinimg.com/236x/5f/51/d4/5f51d4fff41a6ad840f7786fc257f011.jpg
407,Mexican,https://i.pinimg.com/236x/32/c4/5f/32c45f9e4ba7160f3be746524f95279b.jpg
408,Mexican,https://i.pinimg.com/236x/5f/f2/a1/5ff2a163c4d00286bca9f68136db53aa.jpg
409,Mexican,https://i.pinimg.com/236x/36/f5/a0/36f5a0ef7a3f85c344f2fdbcb22a5cb5--healthy-black-bean-recipes-recipes-using-black-beans.jpg
410,Mexican,https://i.pinimg.com/236x/a4/7b/9d/a47b9dec44ece32c0b4715e88d357cd6.jpg
411,Mexican,https://i.pinimg.com/236x/94/80/fa/9480faba1cdb772de275f72ff788885d--relationships-in-a-relationship.jpg
412,Mexican,https://i.pinimg.com/236x/8f/bd/74/8fbd74aad186a171a7ef9aa1d3187c9f.jpg
413,Mexican,https://i.pinimg.com/236x/b1/f9/a9/b1f9a9ab955c7bf1357b151ee5bab754--mexican-burritos-mexican-enchiladas.jpg
414,Mexican,https://i.pinimg.com/236x/2c/57/d4/2c57d429301e8e4ed8e85e70ae314876.jpg
415,Mexican,https://i.pinimg.com/236x/b7/bd/b2/b7bdb26385c654421266fb9194a4a2c6.jpg
416,Mexican,https://i.pinimg.com/236x/a6/f4/7a/a6f47ae0070575b7aef777057380bed6--cool-recipes-spicy-recipes.jpg
417,Mexican,https://i.pinimg.com/236x/3b/11/0a/3b110a070388c8783d1c7f35af46726f--breakfast-burrito-healthy-avocado-breakfast.jpg
418,Mexican,https://i.pinimg.com/236x/66/38/12/663812b003ce62e0851572d8d67b3df1.jpg
419,Mexican,https://i.pinimg.com/236x/de/ea/57/deea57e8aedceb2d36887ef05d8adce5.jpg
420,Mexican,https://i.pinimg.com/236x/98/b4/21/98b42197c307853fc0433d8ce1918435.jpg
421,Mexican,https://i.pinimg.com/236x/7f/86/3a/7f863a5bcd8dd65802f4ad9ca15e2bd0.jpg
422,Mexican,https://i.pinimg.com/236x/a2/43/0c/a2430ce36aaa66dfc8ffbe1898856a24--fried-burritos-bean-burritos.jpg
423,Mexican,https://i.pinimg.com/236x/36/51/41/36514189a09780670e219ec7ff710a10.jpg
424,Mexican,https://i.pinimg.com/236x/8f/b7/14/8fb714191d88bef42ffa09e7e44a7067.jpg
425,Mexican,https://i.pinimg.com/236x/df/2c/c9/df2cc9b357b9252459c9e14ab7a4ee02.jpg
426,Mexican,https://i.pinimg.com/236x/43/bb/54/43bb54f229e8b7e1f54dae746679765c--healthy-easy-lunch-prep-healthy-burrito-bowl-meal-prep.jpg
427,Mexican,https://i.pinimg.com/236x/70/b2/8e/70b28e97a0604695bee13c3979ecc414--mexican-tostadas-recipe-for-enchiladas.jpg
428,Mexican,https://i.pinimg.com/236x/a9/0e/d1/a90ed1e7a3886cb98c653cf461e4edae.jpg
429,Mexican,https://i.pinimg.com/236x/2d/53/cd/2d53cd33002a0d48c41e8c58b13011b5.jpg
430,Mexican,https://i.pinimg.com/236x/68/fa/53/68fa538f277c02d6323af49fdc0a7440.jpg
431,Mexican,https://i.pinimg.com/236x/68/4d/df/684ddf21b9cc46a4fab8c88e8d384373--healthy-vegan-breakfast-healthy-breakfast-burritos.jpg
432,Mexican,https://i.pinimg.com/236x/60/63/ac/6063ac57699dd04fb84f58ee01597bc4--mexican-fiesta-mexican-dishes.jpg
433,Mexican,https://i.pinimg.com/236x/ae/a1/32/aea132083d683e67453bd1f9c5e25935.jpg
434,Mexican,https://i.pinimg.com/236x/7f/d2/46/7fd2463b3aa21ebacb171f45ecc7cdf5.jpg
435,Mexican,https://i.pinimg.com/236x/10/a3/87/10a38747438352cd5cdfc548c56faefe--recette-burritos-sandwich.jpg
436,Mexican,https://i.pinimg.com/236x/a6/a0/c6/a6a0c6a0a096bf6a326f6b6b3cea2bd7--frozen-breakfast-burritos-baby-red-potatoes.jpg
437,Mexican,https://i.pinimg.com/236x/5f/85/e9/5f85e9a3cfef518b339767a7ee05e489.jpg
438,Mexican,https://i.pinimg.com/236x/d7/16/8e/d7168e43970ef35329e1cc70f308b5fc.jpg
439,Mexican,https://i.pinimg.com/236x/67/a0/2d/67a02de32d0ca06be623ab59d7286629--diy-baby-costumes-family-costumes.jpg
440,Mexican,https://i.pinimg.com/236x/2a/81/00/2a8100cee8558e8872a1128c073c7f5b.jpg
441,Mexican,https://i.pinimg.com/236x/11/c1/39/11c13968b7db8967477b1ca5834bcc23.jpg
442,Mexican,https://i.pinimg.com/236x/df/7d/1e/df7d1e55fc2af7e4550f92c945e0a5f4---day-fix-breakfast-egg-white-breakfast.jpg
443,Mexican,https://i.pinimg.com/236x/93/d3/9d/93d39dbd1c485363c2e4875c387b4444.jpg
444,Mexican,https://i.pinimg.com/236x/c8/02/53/c80253877d51f141f508c3e7705ad07d--enchilada-rice-chicken-enchilada-casserole.jpg
445,Mexican,https://i.pinimg.com/236x/79/79/8a/79798a34e9bd6a84400a294b28fb8237.jpg
446,Mexican,https://i.pinimg.com/236x/de/81/91/de819186f14bbf308ede9f2d3ba792d5--hamburger-recipes-beef-recipes.jpg
447,Mexican,https://i.pinimg.com/236x/dc/0e/12/dc0e12f99891b023695aa02b59d23e02--yummy-yummy-yummy-food.jpg
448,Mexican,https://i.pinimg.com/236x/31/6f/35/316f352f5606e692e7ada18999ddd2fd--breakfast-sandwiches-breakfast-burritos-freezer-healthy.jpg
449,Mexican,https://i.pinimg.com/236x/e2/dd/8b/e2dd8b0ef96bbdcb5f3538bb192f25a7.jpg
450,Mexican,https://i.pinimg.com/236x/4a/f5/5e/4af55eac626be6cd849d085e4cdd638e.jpg
451,Mexican,https://i.pinimg.com/236x/fd/e0/50/fde050a6d8c69d34ba36319d67092712.jpg
452,Mexican,https://i.pinimg.com/236x/a7/fd/2f/a7fd2f9d44bd49436802c8db2d190bc5.jpg
453,Mexican,https://i.pinimg.com/236x/d8/3b/24/d83b2470d599145401bf1c7a67c6afa6.jpg
454,Mexican,https://i.pinimg.com/236x/14/bc/9e/14bc9ee9369dfcc782fbd4eef548ccec.jpg
455,Mexican,https://i.pinimg.com/236x/4e/82/c4/4e82c4dce8e6fb054f7fed133b76ccde.jpg
456,Mexican,https://i.pinimg.com/236x/12/6e/73/126e73a5cae38dac0d34f37b068d6b79.jpg
457,Mexican,https://i.pinimg.com/236x/3f/d6/46/3fd64679a8a9083b3947bb4e82367cc1--chipotle-burrito-chipotle-pepper.jpg
458,Mexican,https://i.pinimg.com/236x/02/24/e2/0224e2c207c7c46ef4cf95443227e8d5--vegetarian-burrito-vegetarian-recipes.jpg
459,Mexican,https://i.pinimg.com/236x/6c/6a/5c/6c6a5ceabfdd1f320a9e27b1ab4341f0--carne-asada-fries-carne-asada-burrito.jpg
460,Mexican,https://i.pinimg.com/236x/a6/f0/85/a6f0852fdc330295341feb436e3361ac.jpg
461,Mexican,https://i.pinimg.com/236x/79/d4/3e/79d43e5b38dcb9c5773176ad08ef3a7f--beef-mince-recipes-minced-beef-recipes.jpg
462,Mexican,https://i.pinimg.com/236x/74/28/e0/7428e0ee88403fb8ee79eac917193bc1--chipotle-burrito-recipes-chipotle-corn-salsa.jpg
463,Mexican,https://i.pinimg.com/236x/ec/2b/8e/ec2b8ee0af5e877eeee7ab307b94e221--flour-tortillas-beef-recipes.jpg
464,Mexican,https://i.pinimg.com/236x/9f/5a/72/9f5a72ceec752eb6d01b2ab892cea4a9.jpg
465,Mexican,https://i.pinimg.com/236x/1d/80/a1/1d80a12b4022612a4c140a96d4b1887d--avocado-breakfast-sweet-breakfast.jpg
466,Mexican,https://i.pinimg.com/236x/f7/f4/7a/f7f47af97501eeae024f74e59d088f06.jpg
467,Mexican,https://i.pinimg.com/236x/a6/d4/a6/a6d4a6fe577dde925c4af9d5420774a2--copycat-recipes-beef-recipes.jpg
468,Mexican,https://i.pinimg.com/236x/b8/06/80/b806809c2797b49e5078c726576d25e2.jpg
469,Mexican,https://i.pinimg.com/236x/83/3c/6b/833c6be2113998be4c75c273e3332418.jpg
470,Mexican,https://i.pinimg.com/236x/db/c6/fb/dbc6fb09a17e7818f93139964c938732.jpg
471,Mexican,https://i.pinimg.com/236x/c2/47/09/c24709a591823b9e86e7888fc2f1cd19.jpg
472,Mexican,https://i.pinimg.com/236x/91/de/0c/91de0c903409dcf20a1eca4120a1cd58.jpg
473,Mexican,https://i.pinimg.com/236x/18/88/ea/1888ea1ce02e46c8e92aaa9306c1d53c--chipotle-burrito-bowl-burrito-bowls.jpg
474,Mexican,https://i.pinimg.com/236x/c5/b2/d2/c5b2d22a2a91df607bd9179c71496f4b.jpg
475,Mexican,https://i.pinimg.com/236x/3c/68/5f/3c685f000761c0cbf27a12d772ec1e2f--mini-donkey-baby-donkey.jpg
476,Mexican,https://i.pinimg.com/236x/9d/78/49/9d7849a1969b06a146bb15fd3d804b9e.jpg
477,Mexican,https://i.pinimg.com/236x/ba/24/40/ba244050e9455e517cd4bba9c0614e39.jpg
478,Mexican,https://i.pinimg.com/236x/7b/3e/b2/7b3eb2ca1706efee673868ec8eebf910--ground-beef-rice-ground-beef-wet-burrito-recipe.jpg
479,Mexican,https://i.pinimg.com/236x/5d/ba/f3/5dbaf32e0a0a73cd2336d99a3e7468d0.jpg
480,Mexican,https://i.pinimg.com/236x/9c/ce/2f/9cce2f42d2ec42d95e20dbc64f0befe4.jpg
481,Mexican,https://i.pinimg.com/236x/42/a1/5a/42a15a7ed0fc9a5c65b0a58f37612974--food-trucks-soul-food.jpg
482,Mexican,https://i.pinimg.com/236x/5d/e9/cf/5de9cfae207c2dfd8ae26ec5e72854ea--vegan-food-vegan-recipes.jpg
483,Mexican,https://i.pinimg.com/236x/db/18/5b/db185b36fca0d45cdefe3db174aa2a4e.jpg
484,Mexican,https://i.pinimg.com/236x/25/2e/4b/252e4be494c4ec5b4fb26edf5d54c3e7--carne-asada-burrito-mexican-burritos.jpg
485,Mexican,https://i.pinimg.com/236x/49/26/c6/4926c6ef522a9a2f9de79c1478f60c08.jpg
486,Mexican,https://i.pinimg.com/236x/22/1d/f7/221df73e73db5449fc3936b5efe3b4b4--prosthetic-leg-mini-donkey.jpg
487,Mexican,https://i.pinimg.com/236x/c3/de/3e/c3de3e1f896b5f69373ed39ede84aad2.jpg
488,Mexican,https://i.pinimg.com/236x/2e/ac/2e/2eac2eb9530a23ced9be83ded2bb7ac3--mexican-dinners-mexican-restaurants.jpg
489,Mexican,https://i.pinimg.com/236x/86/82/49/8682490865b473190b5fd3a236215786.jpg
490,Mexican,https://i.pinimg.com/236x/06/f6/6b/06f66b47b6f420294f533fbe14e90a96.jpg
491,Mexican,https://i.pinimg.com/236x/4f/af/df/4fafdf5ae7d990fdb7e89f4f0e2c0ff3.jpg
492,Mexican,https://i.pinimg.com/236x/1a/45/d6/1a45d65b662a8c519930ae25930050a8.jpg
493,Mexican,https://i.pinimg.com/236x/69/b6/80/69b6801e8c28cf8934bd366d207c386a.jpg
494,Mexican,https://i.pinimg.com/236x/94/9d/ac/949dac1750dc2b82d5cb444d4bc28c01.jpg
495,Mexican,https://i.pinimg.com/236x/61/28/8d/61288d69c112f35c3bf273d01f417403.jpg
496,Mexican,https://i.pinimg.com/236x/01/f8/d9/01f8d9e5647d4afcd1e87cf7ea4f78ab.jpg
497,Mexican,https://i.pinimg.com/236x/90/90/2c/90902c27838e24ac6d036673bf5e0dff.jpg
498,Mexican,https://i.pinimg.com/236x/6a/d5/f6/6ad5f621ef075b6730d4293d1aaa4231--breakfast-burritos-breakfast-meals.jpg
499,Mexican,https://i.pinimg.com/236x/57/15/f4/5715f40d415540a70b1558572afea118.jpg
500,Mexican,https://i.pinimg.com/236x/de/c2/4c/dec24c012af9ba291d3beff2be169538.jpg
501,Mexican,https://i.pinimg.com/236x/a4/3e/b2/a43eb2bb504782fc8db2f7da8865d1c9.jpg
502,Mexican,https://i.pinimg.com/236x/3f/16/db/3f16dbfd1dd0e0bb1de6b7a2a31c0445--beef-barbacoa-slow-cooker-barbacoa.jpg
503,Mexican,https://i.pinimg.com/236x/a3/8b/0e/a38b0e475e7aa73107366a53dfc57489.jpg
504,Mexican,https://i.pinimg.com/236x/2d/13/60/2d1360a625f62e7390e371c8803de95a--mexican-burritos-mexican-enchiladas.jpg
505,Mexican,https://i.pinimg.com/236x/fd/fe/45/fdfe455bea7100d8259311df4f6e870e--recipe-for-tacos-freezer-burrito-recipe.jpg
506,Mexican,https://i.pinimg.com/236x/84/24/61/8424619bdb478f8735a7e6e4e4b511f7--breakfast-buffet-second-breakfast.jpg
507,Mexican,https://i.pinimg.com/236x/24/e9/92/24e9928f040229df24d60236e41bcac4.jpg
508,Mexican,https://i.pinimg.com/236x/3d/40/1a/3d401afa243ec067bb7da9ae623f0a32.jpg
509,Mexican,https://i.pinimg.com/236x/89/85/b5/8985b598b2f68d42dd8275561352ac08.jpg
510,Mexican,https://i.pinimg.com/236x/82/aa/12/82aa12185e965790c1f3d4e5c0b16dc3--burrito-bowls-burrito-bowl-vegetarian.jpg
511,Mexican,https://i.pinimg.com/236x/ab/03/23/ab03236038027edacb81ab76e70cb579--chicken-tamales-healthy-chicken.jpg
512,Mexican,https://i.pinimg.com/236x/24/7a/96/247a960980e00e8926c818d83145439f--chicken-burritos-salsa-chicken.jpg
513,Mexican,https://i.pinimg.com/236x/e2/f4/d3/e2f4d31a22b43fc88e3e94f9a6dfa888--korean-recipes-beef-recipes.jpg
514,Mexican,https://i.pinimg.com/236x/00/6c/f0/006cf09a6269f410de7633a3dc1d0143.jpg
515,Mexican,https://i.pinimg.com/236x/95/a4/38/95a438d5a808544168aca50a75dc6985.jpg
516,Mexican,https://i.pinimg.com/236x/de/d7/ab/ded7abd9553e4a620955a36687720044--country-living-country-life.jpg
517,Mexican,https://i.pinimg.com/236x/f1/25/8c/f1258c4b9f9a43a989f2bb7adb34f8eb--chicken-burrito-recipes-recipes-for-ground-chicken.jpg
518,Mexican,https://i.pinimg.com/236x/de/02/ef/de02ef0ff136e4df009dd3d3996f27b1.jpg
519,Mexican,https://i.pinimg.com/236x/b2/eb/64/b2eb64ec106b41e59ba7dddf409bf9d3.jpg
520,Mexican,https://i.pinimg.com/236x/da/d3/3a/dad33ae1a6be160d080c86d1d1d0ecab.jpg
521,Mexican,https://i.pinimg.com/236x/e7/3a/4d/e73a4d14d39b274b16605bee656fcfe0.jpg
522,Mexican,https://i.pinimg.com/236x/84/0a/2e/840a2e88459d04dac2970f0a8c9d7279.jpg
523,Mexican,https://i.pinimg.com/236x/6d/b9/a9/6db9a9322ac081609f3dd3a4f0f567ec--good-recipes-recipe-ideas.jpg
524,Mexican,https://i.pinimg.com/236x/75/64/5c/75645ca1d2768db9a1cbb2651038b6a1--breakfast-burrito-recipes-breakfast-burritos.jpg
525,Mexican,https://i.pinimg.com/236x/4a/8e/6f/4a8e6fccdf3612b8768a00060d548993.jpg
526,Mexican,https://i.pinimg.com/236x/5f/51/d4/5f51d4fff41a6ad840f7786fc257f011.jpg
527,Mexican,https://i.pinimg.com/236x/32/c4/5f/32c45f9e4ba7160f3be746524f95279b.jpg
528,Mexican,https://i.pinimg.com/236x/93/bd/37/93bd37162515b10be040e1b510adb74d.jpg
529,Mexican,https://i.pinimg.com/236x/36/f5/a0/36f5a0ef7a3f85c344f2fdbcb22a5cb5--healthy-black-bean-recipes-recipes-using-black-beans.jpg
530,Mexican,https://i.pinimg.com/236x/5f/f2/a1/5ff2a163c4d00286bca9f68136db53aa.jpg
531,Mexican,https://i.pinimg.com/236x/da/6d/3a/da6d3aa19aac2e7b6f5167c76567cff9--carne-salsa-guacamole.jpg
532,Mexican,https://i.pinimg.com/236x/93/bd/37/93bd37162515b10be040e1b510adb74d.jpg
533,Mexican,https://i.pinimg.com/236x/36/f5/a0/36f5a0ef7a3f85c344f2fdbcb22a5cb5--healthy-black-bean-recipes-recipes-using-black-beans.jpg
534,Mexican,https://i.pinimg.com/236x/a4/7b/9d/a47b9dec44ece32c0b4715e88d357cd6.jpg
535,Mexican,https://i.pinimg.com/236x/65/03/20/650320595e187c2ac457b0b8130e352a.jpg
536,Mexican,https://i.pinimg.com/236x/b1/96/b5/b196b56630e9c1fc5db036176b78bc70.jpg
537,Mexican,https://i.pinimg.com/236x/55/3a/2c/553a2caf992920acba5a688d1aa1f4c4--lunch-foods-hot-lunches.jpg
538,Mexican,https://i.pinimg.com/236x/b9/95/ac/b995ac9c2754ef063a020b38e1057880.jpg
539,Mexican,https://i.pinimg.com/236x/a8/f8/9f/a8f89fced45fcf0da56dfa1ee52a8958--mexican-food-recipes-shrimp-recipes.jpg
540,Mexican,https://i.pinimg.com/236x/b0/f3/53/b0f353d7909f20fc5c376d3c41ca54a8.jpg
541,Mexican,https://i.pinimg.com/236x/2c/57/d4/2c57d429301e8e4ed8e85e70ae314876.jpg
542,Mexican,https://i.pinimg.com/236x/ce/e3/0e/cee30e156d89a412dc1eaf3c3eaa9e9c.jpg
543,Mexican,https://i.pinimg.com/236x/8c/fb/70/8cfb70ab36aadf3f5848d544cb6b14e9--mini-donkey-miniature-donkey.jpg
544,Mexican,https://i.pinimg.com/236x/94/80/fa/9480faba1cdb772de275f72ff788885d--relationships-in-a-relationship.jpg
545,Mexican,https://i.pinimg.com/236x/b9/f9/7a/b9f97acba565a34b7a38c7952b6f1678.jpg
546,Mexican,https://i.pinimg.com/236x/36/51/41/36514189a09780670e219ec7ff710a10.jpg
547,Mexican,https://i.pinimg.com/236x/8f/b7/14/8fb714191d88bef42ffa09e7e44a7067.jpg
548,Mexican,https://i.pinimg.com/236x/43/bb/54/43bb54f229e8b7e1f54dae746679765c--healthy-easy-lunch-prep-healthy-burrito-bowl-meal-prep.jpg
549,Mexican,https://i.pinimg.com/236x/df/2c/c9/df2cc9b357b9252459c9e14ab7a4ee02.jpg
550,Mexican,https://i.pinimg.com/236x/70/b2/8e/70b28e97a0604695bee13c3979ecc414--mexican-tostadas-recipe-for-enchiladas.jpg
551,Mexican,https://i.pinimg.com/236x/6e/b7/80/6eb780019bb68e4a55bcd29f4b1fcecc.jpg
552,Mexican,https://i.pinimg.com/236x/fd/25/b1/fd25b18f644b421afe48565393fc2a28--country-life-country-charm.jpg
553,Mexican,https://i.pinimg.com/236x/97/58/7a/97587a2e96b1c78fc85a63c6e3fb0fcd.jpg
554,Mexican,https://i.pinimg.com/236x/3b/99/df/3b99df4d34f03edb2d06fc4dba0b63d4.jpg
555,Mexican,https://i.pinimg.com/236x/14/d5/10/14d510173955a8070b65bcfbec17e131.jpg
556,Mexican,https://i.pinimg.com/236x/e4/2a/36/e42a36dd7b95a13cca92d763d625d1e8.jpg
557,Mexican,https://i.pinimg.com/236x/1d/43/83/1d4383ea7e35f38db81fab0e6dd61830.jpg
558,Mexican,https://i.pinimg.com/236x/38/cc/01/38cc01b6c0a3ab1b2487b5f590196a77.jpg
559,Mexican,https://i.pinimg.com/236x/18/96/e4/1896e4d23b99e67ada459c4270c97b71.jpg
560,Mexican,https://i.pinimg.com/236x/a4/f7/71/a4f771a9fea7da050695679b9cc7a79d--healthy-breakfast-burritos-breakfast-burrito-recipes.jpg
561,Mexican,https://i.pinimg.com/236x/f8/07/7c/f8077c6902c717ff36f473136aac4d7a.jpg
562,Mexican,https://i.pinimg.com/236x/68/fa/53/68fa538f277c02d6323af49fdc0a7440.jpg
563,Mexican,https://i.pinimg.com/236x/68/4d/df/684ddf21b9cc46a4fab8c88e8d384373--healthy-vegan-breakfast-healthy-breakfast-burritos.jpg
564,Mexican,https://i.pinimg.com/236x/60/63/ac/6063ac57699dd04fb84f58ee01597bc4--mexican-fiesta-mexican-dishes.jpg
565,Mexican,https://i.pinimg.com/236x/88/5c/74/885c74784a38e60fd63b8c41ee02f30e.jpg
566,Mexican,https://i.pinimg.com/236x/ae/a1/32/aea132083d683e67453bd1f9c5e25935.jpg
567,Mexican,https://i.pinimg.com/236x/be/17/b6/be17b6ac4e3f3b2e86b7ed9b670fef59--ideas-for-breakfast-breakfast-bites.jpg
568,Mexican,https://i.pinimg.com/236x/7f/d2/46/7fd2463b3aa21ebacb171f45ecc7cdf5.jpg
569,Mexican,https://i.pinimg.com/236x/d0/77/af/d077af4af6d044238c96ff34e9448483.jpg
570,Mexican,https://i.pinimg.com/236x/10/a3/87/10a38747438352cd5cdfc548c56faefe--recette-burritos-sandwich.jpg
571,Mexican,https://i.pinimg.com/236x/90/70/2c/90702c09f2360b85997eee34dc13d828.jpg
572,Mexican,https://i.pinimg.com/236x/a6/a0/c6/a6a0c6a0a096bf6a326f6b6b3cea2bd7--frozen-breakfast-burritos-baby-red-potatoes.jpg
573,Mexican,https://i.pinimg.com/236x/5f/85/e9/5f85e9a3cfef518b339767a7ee05e489.jpg
574,Mexican,https://i.pinimg.com/236x/d7/16/8e/d7168e43970ef35329e1cc70f308b5fc.jpg
575,Mexican,https://i.pinimg.com/236x/67/a0/2d/67a02de32d0ca06be623ab59d7286629--diy-baby-costumes-family-costumes.jpg
576,Mexican,https://i.pinimg.com/236x/2a/81/00/2a8100cee8558e8872a1128c073c7f5b.jpg
577,Mexican,https://i.pinimg.com/236x/bf/a1/28/bfa128c6b3a31e5b54a935568df0ac94.jpg
578,Mexican,https://i.pinimg.com/236x/9c/cd/7a/9ccd7a01361c572c347d795e3a854acc.jpg
579,Mexican,https://i.pinimg.com/236x/e0/7f/94/e07f94964fe77f8f5085f3b6f515fecc.jpg
580,Mexican,https://i.pinimg.com/236x/27/9b/2b/279b2b41a7fce50f3fc9a57ad0a064c5.jpg
581,Mexican,https://i.pinimg.com/236x/02/48/69/0248694faf5ab0ef6cd6216bb9608531.jpg
582,Mexican,https://i.pinimg.com/236x/c8/02/53/c80253877d51f141f508c3e7705ad07d--enchilada-rice-chicken-enchilada-casserole.jpg
583,Mexican,https://i.pinimg.com/236x/79/79/8a/79798a34e9bd6a84400a294b28fb8237.jpg
584,Mexican,https://i.pinimg.com/236x/de/81/91/de819186f14bbf308ede9f2d3ba792d5--hamburger-recipes-beef-recipes.jpg
585,Mexican,https://i.pinimg.com/236x/6d/24/90/6d24902b717a9f42335191de567bd027.jpg
586,Mexican,https://i.pinimg.com/236x/20/bc/d0/20bcd0c7ebbd8e8af1e3066b615bad9c.jpg
587,Mexican,https://i.pinimg.com/236x/dc/0e/12/dc0e12f99891b023695aa02b59d23e02--yummy-yummy-yummy-food.jpg
588,Mexican,https://i.pinimg.com/236x/31/6f/35/316f352f5606e692e7ada18999ddd2fd--breakfast-sandwiches-breakfast-burritos-freezer-healthy.jpg
589,Mexican,https://i.pinimg.com/236x/f3/55/c4/f355c421bd1a84b041e57b0e6af61004--healthy-burritos-bean-burritos.jpg
590,Mexican,https://i.pinimg.com/236x/61/ef/95/61ef952d6c775c6ae1ab317e9d0ba6a5--easy-recipes-summer-recipes.jpg
591,Mexican,https://i.pinimg.com/236x/82/3f/5e/823f5e94e432521a7d6932017429d39d.jpg
592,Mexican,https://i.pinimg.com/236x/e2/dd/8b/e2dd8b0ef96bbdcb5f3538bb192f25a7.jpg
593,Mexican,https://i.pinimg.com/236x/9b/69/48/9b6948ae37b923b65916b7d04fef66b9.jpg
594,Mexican,https://i.pinimg.com/236x/fa/47/30/fa4730fa2181fbb7c6554a5173a5a238.jpg
595,Mexican,https://i.pinimg.com/236x/d8/3b/24/d83b2470d599145401bf1c7a67c6afa6.jpg
596,Mexican,https://i.pinimg.com/236x/c4/60/0e/c4600e7335a5e0e75e9941dad24e2535.jpg
597,Mexican,https://i.pinimg.com/236x/77/4c/11/774c11b65aca02f0877e7393f9f6ffec--carb-free-breakfast-breakfast-ideas.jpg
598,Mexican,https://i.pinimg.com/236x/14/bc/9e/14bc9ee9369dfcc782fbd4eef548ccec.jpg
599,Mexican,https://i.pinimg.com/236x/a7/fd/2f/a7fd2f9d44bd49436802c8db2d190bc5.jpg
600,Mexican,https://i.pinimg.com/236x/4e/82/c4/4e82c4dce8e6fb054f7fed133b76ccde.jpg
601,Mexican,https://i.pinimg.com/236x/12/6e/73/126e73a5cae38dac0d34f37b068d6b79.jpg
602,Mexican,https://i.pinimg.com/236x/3f/d6/46/3fd64679a8a9083b3947bb4e82367cc1--chipotle-burrito-chipotle-pepper.jpg
603,Mexican,https://i.pinimg.com/236x/ef/0a/17/ef0a17ebd605390e9df6ef44f5aefc64.jpg
604,Mexican,https://i.pinimg.com/236x/29/a2/9d/29a29d5fbd12e2f9adff9773ff9c4739.jpg
605,Mexican,https://i.pinimg.com/236x/e4/b1/5d/e4b15d7b60ad3abe034a02d0f0c011c9.jpg
606,Mexican,https://i.pinimg.com/236x/02/24/e2/0224e2c207c7c46ef4cf95443227e8d5--vegetarian-burrito-vegetarian-recipes.jpg
607,Mexican,https://i.pinimg.com/236x/6c/6a/5c/6c6a5ceabfdd1f320a9e27b1ab4341f0--carne-asada-fries-carne-asada-burrito.jpg
608,Mexican,https://i.pinimg.com/236x/f3/6b/8f/f36b8f3477d80fe3a983c07657079054--burrito-recipes--layers.jpg
609,Mexican,https://i.pinimg.com/236x/e3/6c/c3/e36cc3518173de32dbb66141a766a7ef--avocado-breakfast-breakfast-burrito-recipes.jpg
610,Mexican,https://i.pinimg.com/236x/38/a6/db/38a6db1bad400a5d4489c01a66d338c5--chipotle-chicken-burritos-chipotle-burrito-bowl.jpg
611,Mexican,https://i.pinimg.com/236x/ca/9c/9b/ca9c9b86e63aab0049c0c1c2f7352a9c.jpg
612,Mexican,https://i.pinimg.com/236x/a6/f0/85/a6f0852fdc330295341feb436e3361ac.jpg
613,Mexican,https://i.pinimg.com/236x/79/d4/3e/79d43e5b38dcb9c5773176ad08ef3a7f--beef-mince-recipes-minced-beef-recipes.jpg
614,Mexican,https://i.pinimg.com/236x/fc/47/fb/fc47fbd2878c2f081e79df9ef96beb6d.jpg
615,Mexican,https://i.pinimg.com/236x/ad/8e/29/ad8e2935f21e58532e280403e51adbd1.jpg
616,Mexican,https://i.pinimg.com/236x/3b/16/d3/3b16d30762c4752ceda60e7ed44b55f4--tex-mex-burritos.jpg
617,Mexican,https://i.pinimg.com/236x/74/28/e0/7428e0ee88403fb8ee79eac917193bc1--chipotle-burrito-recipes-chipotle-corn-salsa.jpg
618,Mexican,https://i.pinimg.com/236x/1e/26/a8/1e26a865db925e247a3c0a9cccf070ed.jpg
619,Mexican,https://i.pinimg.com/236x/ec/2b/8e/ec2b8ee0af5e877eeee7ab307b94e221--flour-tortillas-beef-recipes.jpg
620,Mexican,https://i.pinimg.com/236x/9f/5a/72/9f5a72ceec752eb6d01b2ab892cea4a9.jpg
621,Mexican,https://i.pinimg.com/236x/b7/68/91/b768914f9fb21fbd0a502ed7b978c631.jpg
622,Mexican,https://i.pinimg.com/236x/1d/80/a1/1d80a12b4022612a4c140a96d4b1887d--avocado-breakfast-sweet-breakfast.jpg
623,Mexican,https://i.pinimg.com/236x/03/02/54/03025442ce43a836b183bd2c430aaa57.jpg
624,Mexican,https://i.pinimg.com/236x/09/28/3c/09283c6cf8be71a314ea69f20c054af4--easy-breakfast-burrito-recipe-breakfast-burritos.jpg
625,Mexican,https://i.pinimg.com/236x/f7/f4/7a/f7f47af97501eeae024f74e59d088f06.jpg
626,Mexican,https://i.pinimg.com/236x/bc/5d/a3/bc5da353b1342177ecfed19f7f2bb929.jpg
627,Mexican,https://i.pinimg.com/236x/11/c0/21/11c021869f69b6738013a2a4831bc76b.jpg
628,Mexican,https://i.pinimg.com/236x/18/88/ea/1888ea1ce02e46c8e92aaa9306c1d53c--chipotle-burrito-bowl-burrito-bowls.jpg
629,Mexican,https://i.pinimg.com/236x/c5/b2/d2/c5b2d22a2a91df607bd9179c71496f4b.jpg
630,Mexican,https://i.pinimg.com/236x/3d/f1/e5/3df1e570cccef4697d7429f3ad17353b--chicken-tikka-pizza-chicken-tikka-wrap.jpg
631,Mexican,https://i.pinimg.com/236x/3c/68/5f/3c685f000761c0cbf27a12d772ec1e2f--mini-donkey-baby-donkey.jpg
632,Mexican,https://i.pinimg.com/236x/e0/cc/5f/e0cc5f3f14572e90bf08533923c02e2a.jpg
633,Mexican,https://i.pinimg.com/236x/9a/aa/e3/9aaae3c6fa695f769b03ca941a63dbcf.jpg
634,Mexican,https://i.pinimg.com/236x/3c/3a/e4/3c3ae4af575c3165a43ca27911c6c17c--healthy-rice-healthy-foods.jpg
635,Mexican,https://i.pinimg.com/236x/60/80/7a/60807ae4bb40467fd5757751bb4797e4.jpg
636,Mexican,https://i.pinimg.com/236x/43/54/cb/4354cb9b290976bb092b8fa24ebea369.jpg
637,Mexican,https://i.pinimg.com/236x/1f/5a/e4/1f5ae42248d871c4b13c17be9a983d10.jpg
638,Mexican,https://i.pinimg.com/236x/c3/25/5c/c3255cedf5cbdb02367ecee9452b797f.jpg
639,Mexican,https://i.pinimg.com/236x/85/e0/bf/85e0bfb5f4b8942dfb1de5f5543c3d0c.jpg
640,Mexican,https://i.pinimg.com/236x/09/f7/ce/09f7cef0ff686b8f331c2af59a20879a.jpg
641,Mexican,https://i.pinimg.com/236x/05/3e/04/053e04264c39340e67519f888504bd63.jpg
642,Mexican,https://i.pinimg.com/236x/ba/b8/ac/bab8aca0acf3fbdf8c713f70a0d0436f.jpg
643,Mexican,https://i.pinimg.com/236x/a7/04/f0/a704f0a68e974654ce276a0498349ccf.jpg
644,Mexican,https://i.pinimg.com/236x/5d/e9/cf/5de9cfae207c2dfd8ae26ec5e72854ea--vegan-food-vegan-recipes.jpg
645,Mexican,https://i.pinimg.com/236x/db/18/5b/db185b36fca0d45cdefe3db174aa2a4e.jpg
646,Mexican,https://i.pinimg.com/236x/3a/8c/6f/3a8c6fd044748d45712a3ccf9be1a647.jpg
647,Mexican,https://i.pinimg.com/236x/89/1d/4b/891d4b7cf6a44e28b2f6b86de6256ae8.jpg
648,Mexican,https://i.pinimg.com/236x/90/25/6c/90256c7a5e684fc4b3438171d81b0b00.jpg
649,Mexican,https://i.pinimg.com/236x/25/2e/4b/252e4be494c4ec5b4fb26edf5d54c3e7--carne-asada-burrito-mexican-burritos.jpg
650,Mexican,https://i.pinimg.com/236x/29/3b/d6/293bd66678e6979231f2d0d622ef3f16--breakfast-burrito-recipes-easy-breakfast-ideas.jpg
651,Mexican,https://i.pinimg.com/236x/49/26/c6/4926c6ef522a9a2f9de79c1478f60c08.jpg
652,Mexican,https://i.pinimg.com/236x/e8/4a/44/e84a443d3140eedd06db3a0bbf669739.jpg
653,Mexican,https://i.pinimg.com/236x/22/1d/f7/221df73e73db5449fc3936b5efe3b4b4--prosthetic-leg-mini-donkey.jpg
654,Mexican,https://i.pinimg.com/236x/c3/de/3e/c3de3e1f896b5f69373ed39ede84aad2.jpg
655,Mexican,https://i.pinimg.com/236x/6a/7b/7b/6a7b7bdc64db343089fb6e365904da48.jpg
656,Mexican,https://i.pinimg.com/236x/32/16/46/321646bc9de82a4a9d8b291788375d08.jpg
657,Mexican,https://i.pinimg.com/236x/03/c2/e0/03c2e025248aad6af7285f528a13df8a.jpg
658,Mexican,https://i.pinimg.com/236x/ae/80/4b/ae804bd7d8b174364eea9951b77ec526--chipotle-chicken-burritos-chicken-burrito-bowl.jpg
659,Mexican,https://i.pinimg.com/236x/9c/e0/d3/9ce0d3ac8ce93486745db86a4024fe65.jpg
660,Mexican,https://i.pinimg.com/236x/03/cd/dc/03cddc32751a6fa74694a1da73082173--breakfast-burrito-recipes-breakfast-dishes.jpg
661,Mexican,https://i.pinimg.com/236x/50/d9/a7/50d9a70e68795c5eddf2b6fdd3fd8b0d--fresh-margarita-recipe-blue-margarita.jpg
662,Mexican,https://i.pinimg.com/236x/eb/2a/a0/eb2aa046212b15f09fe2084f72646d73.jpg
663,Mexican,https://i.pinimg.com/236x/0a/d6/fb/0ad6fbf7a6b7abe044e85729f7661c09--shredded-beef-burritos-shredded-beef-recipes.jpg
664,Mexican,https://i.pinimg.com/236x/2d/cc/51/2dcc51c8fd8db216fecd31cef72b8f87--black-bean-burrito-bean-and-cheese-burrito.jpg
665,Mexican,https://i.pinimg.com/236x/6d/76/13/6d76138bc88e907762cf2745faac170c--mexican-beans-and-rice-leftover-mexican-rice-recipes.jpg
666,Mexican,https://i.pinimg.com/236x/cd/89/d6/cd89d6e863a880b5a1a63afa52f70154--taco-bell-recipes-burrito-recipes.jpg
667,Mexican,https://i.pinimg.com/236x/28/3c/cf/283ccf77ea9149a2794b77c76de71a09.jpg
668,Mexican,https://i.pinimg.com/236x/f7/29/79/f72979499310737aa8da4892a06a175e--mexican-zucchini-healthy-vegetarian-meals.jpg
669,Mexican,https://i.pinimg.com/236x/94/9d/ac/949dac1750dc2b82d5cb444d4bc28c01.jpg
670,Mexican,https://i.pinimg.com/236x/61/28/8d/61288d69c112f35c3bf273d01f417403.jpg
671,Mexican,https://i.pinimg.com/236x/01/f8/d9/01f8d9e5647d4afcd1e87cf7ea4f78ab.jpg
672,Mexican,https://i.pinimg.com/236x/1e/13/08/1e130846352597614c8b002fd9131863.jpg
673,Mexican,https://i.pinimg.com/236x/be/1b/62/be1b621fb42facadae06d9a5993e10aa.jpg
674,Mexican,https://i.pinimg.com/236x/4e/a0/9e/4ea09e839f4b1a917b5cbc0d2a239c67.jpg
675,Mexican,https://i.pinimg.com/236x/90/90/2c/90902c27838e24ac6d036673bf5e0dff.jpg
676,Mexican,https://i.pinimg.com/236x/ba/cb/18/bacb188ed623960f048949f8d0036cd5.jpg
677,Mexican,https://i.pinimg.com/236x/3f/16/db/3f16dbfd1dd0e0bb1de6b7a2a31c0445--beef-barbacoa-slow-cooker-barbacoa.jpg
678,Mexican,https://i.pinimg.com/236x/a1/1f/f4/a11ff4708460f00935c59af683457239.jpg
679,Mexican,https://i.pinimg.com/236x/a3/8b/0e/a38b0e475e7aa73107366a53dfc57489.jpg
680,Mexican,https://i.pinimg.com/236x/2d/13/60/2d1360a625f62e7390e371c8803de95a--mexican-burritos-mexican-enchiladas.jpg
681,Mexican,https://i.pinimg.com/236x/fd/fe/45/fdfe455bea7100d8259311df4f6e870e--recipe-for-tacos-freezer-burrito-recipe.jpg
682,Mexican,https://i.pinimg.com/236x/ff/2a/d4/ff2ad4de13518044a6b208cee0b958e7--baked-burritos-smothered-burritos.jpg
683,Mexican,https://i.pinimg.com/236x/84/24/61/8424619bdb478f8735a7e6e4e4b511f7--breakfast-buffet-second-breakfast.jpg
684,Mexican,https://i.pinimg.com/236x/47/45/d0/4745d0113d1e2172d82af5f93cf821af--my-girl-farm-animals.jpg
685,Mexican,https://i.pinimg.com/236x/3d/40/1a/3d401afa243ec067bb7da9ae623f0a32.jpg
686,Mexican,https://i.pinimg.com/236x/89/85/b5/8985b598b2f68d42dd8275561352ac08.jpg
687,Mexican,https://i.pinimg.com/236x/ec/64/45/ec64452034a4c30ba23fb2f8a5094b22--easy-casserole-recipes-casserole-dishes.jpg
688,Mexican,https://i.pinimg.com/236x/9c/28/4c/9c284cc64ac30e44003119df0ea4a08f.jpg
689,Mexican,https://i.pinimg.com/236x/64/c2/1b/64c21b4a0ef5a79784d9a38c381fc3af--baking-recipes-desserts-chimichanga.jpg
690,Mexican,https://i.pinimg.com/236x/8e/42/91/8e4291fdc2a0b2130291560fe59a6238--burrito-recipes-dinner-dishes.jpg
691,Mexican,https://i.pinimg.com/236x/a1/bb/25/a1bb2539d78248272316010139080c67--pizza-burrito-pizza-wrap.jpg
692,Mexican,https://i.pinimg.com/236x/ab/03/23/ab03236038027edacb81ab76e70cb579--chicken-tamales-healthy-chicken.jpg
693,Mexican,https://i.pinimg.com/236x/47/a1/2d/47a12dc879b1f7aa7e57e80ef5bff1d4--lunch-foods-hot-lunches.jpg
694,Mexican,https://i.pinimg.com/236x/8e/e5/24/8ee5244a80ab170e889fa7aa23d1b2fe.jpg
695,Mexican,https://i.pinimg.com/236x/24/7a/96/247a960980e00e8926c818d83145439f--chicken-burritos-salsa-chicken.jpg
696,Mexican,https://i.pinimg.com/236x/e2/f4/d3/e2f4d31a22b43fc88e3e94f9a6dfa888--korean-recipes-beef-recipes.jpg
697,Mexican,https://i.pinimg.com/236x/74/a6/55/74a6552518a8decf12cace8de1c1d04b.jpg
698,Mexican,https://i.pinimg.com/236x/00/6c/f0/006cf09a6269f410de7633a3dc1d0143.jpg
699,Mexican,https://i.pinimg.com/236x/b4/53/23/b45323e173a4dafa54f3dcde4f273a0a.jpg
700,Mexican,https://i.pinimg.com/236x/37/af/ac/37afacad7ca5a081c88c48409da423f8.jpg
701,Mexican,https://i.pinimg.com/236x/95/a4/38/95a438d5a808544168aca50a75dc6985.jpg
702,Mexican,https://i.pinimg.com/236x/89/36/51/893651d91af02085d14c183aa7c31bf3.jpg
703,Mexican,https://i.pinimg.com/236x/bc/10/20/bc10207654f4fcf4b2d722a569b3bb7d.jpg
704,Mexican,https://i.pinimg.com/236x/de/d7/ab/ded7abd9553e4a620955a36687720044--country-living-country-life.jpg
705,Mexican,https://i.pinimg.com/236x/f1/25/8c/f1258c4b9f9a43a989f2bb7adb34f8eb--chicken-burrito-recipes-recipes-for-ground-chicken.jpg
706,Mexican,https://i.pinimg.com/236x/a5/f0/99/a5f099bdf16cc191f1a7acdcb228dbaa.jpg
707,Mexican,https://i.pinimg.com/236x/a6/67/73/a6677340272385ffe4622f3b4fbc599f.jpg
708,Mexican,https://i.pinimg.com/236x/36/61/12/36611280d35c305f0a76c1bae79ca9e9--burrito-recipes-beef-recipes.jpg
709,Mexican,https://i.pinimg.com/236x/d5/61/f9/d561f9b3a4191a9e3e9c26ca07037805--newborn-pictures-newborn-pics.jpg
710,Mexican,https://i.pinimg.com/236x/33/db/03/33db03d8b7810e05128820533e6e38eb.jpg
711,Mexican,https://i.pinimg.com/236x/e8/ed/1a/e8ed1a06e0510112442be022f899bdc6.jpg
712,Mexican,https://i.pinimg.com/236x/51/71/dc/5171dc82897638d7ed0a7c03a9d9d354.jpg
713,Mexican,https://i.pinimg.com/236x/55/cf/47/55cf47755674510442e0bd4beb611805.jpg
714,Mexican,https://i.pinimg.com/236x/30/c0/22/30c0225908db47b5c2422730f2a663e4--burrito-recipes-tortilla-recipes.jpg
715,Mexican,https://i.pinimg.com/236x/97/ec/73/97ec731255e3af774939f560489b7255--entree-recipes-cooking-recipes.jpg
716,Mexican,https://i.pinimg.com/236x/a3/ff/4b/a3ff4b13c84b7ddc24c77d658e504a8b--roasted-garlic-hummus-cheesy-chicken-enchiladas.jpg
717,Mexican,https://i.pinimg.com/236x/a6/67/73/a6677340272385ffe4622f3b4fbc599f.jpg
718,Mexican,https://i.pinimg.com/236x/36/61/12/36611280d35c305f0a76c1bae79ca9e9--burrito-recipes-beef-recipes.jpg
719,Mexican,https://i.pinimg.com/236x/d5/61/f9/d561f9b3a4191a9e3e9c26ca07037805--newborn-pictures-newborn-pics.jpg
720,Mexican,https://i.pinimg.com/236x/33/db/03/33db03d8b7810e05128820533e6e38eb.jpg
721,Mexican,https://i.pinimg.com/236x/e8/ed/1a/e8ed1a06e0510112442be022f899bdc6.jpg
722,Mexican,https://i.pinimg.com/236x/51/71/dc/5171dc82897638d7ed0a7c03a9d9d354.jpg
723,Mexican,https://i.pinimg.com/236x/55/cf/47/55cf47755674510442e0bd4beb611805.jpg
724,Mexican,https://i.pinimg.com/236x/30/c0/22/30c0225908db47b5c2422730f2a663e4--burrito-recipes-tortilla-recipes.jpg
725,Mexican,https://i.pinimg.com/236x/97/ec/73/97ec731255e3af774939f560489b7255--entree-recipes-cooking-recipes.jpg
726,Mexican,https://i.pinimg.com/236x/a3/ff/4b/a3ff4b13c84b7ddc24c77d658e504a8b--roasted-garlic-hummus-cheesy-chicken-enchiladas.jpg
727,Mexican,https://i.pinimg.com/236x/a6/67/73/a6677340272385ffe4622f3b4fbc599f.jpg
728,Mexican,https://i.pinimg.com/236x/36/61/12/36611280d35c305f0a76c1bae79ca9e9--burrito-recipes-beef-recipes.jpg
729,Mexican,https://i.pinimg.com/236x/d5/61/f9/d561f9b3a4191a9e3e9c26ca07037805--newborn-pictures-newborn-pics.jpg
730,Mexican,https://i.pinimg.com/236x/33/db/03/33db03d8b7810e05128820533e6e38eb.jpg
731,Mexican,https://i.pinimg.com/236x/e8/ed/1a/e8ed1a06e0510112442be022f899bdc6.jpg
732,Mexican,https://i.pinimg.com/236x/51/71/dc/5171dc82897638d7ed0a7c03a9d9d354.jpg
733,Mexican,https://i.pinimg.com/236x/55/cf/47/55cf47755674510442e0bd4beb611805.jpg
734,Mexican,https://i.pinimg.com/236x/30/c0/22/30c0225908db47b5c2422730f2a663e4--burrito-recipes-tortilla-recipes.jpg
735,Mexican,https://i.pinimg.com/236x/97/ec/73/97ec731255e3af774939f560489b7255--entree-recipes-cooking-recipes.jpg
736,Mexican,https://i.pinimg.com/236x/a3/ff/4b/a3ff4b13c84b7ddc24c77d658e504a8b--roasted-garlic-hummus-cheesy-chicken-enchiladas.jpg
737,Mexican,https://i.pinimg.com/236x/a6/67/73/a6677340272385ffe4622f3b4fbc599f.jpg
738,Mexican,https://i.pinimg.com/236x/36/61/12/36611280d35c305f0a76c1bae79ca9e9--burrito-recipes-beef-recipes.jpg
739,Mexican,https://i.pinimg.com/236x/d5/61/f9/d561f9b3a4191a9e3e9c26ca07037805--newborn-pictures-newborn-pics.jpg
740,Mexican,https://i.pinimg.com/236x/33/db/03/33db03d8b7810e05128820533e6e38eb.jpg
741,Mexican,https://i.pinimg.com/236x/e8/ed/1a/e8ed1a06e0510112442be022f899bdc6.jpg
742,Mexican,https://i.pinimg.com/236x/51/71/dc/5171dc82897638d7ed0a7c03a9d9d354.jpg
743,Mexican,https://i.pinimg.com/236x/55/cf/47/55cf47755674510442e0bd4beb611805.jpg
744,Mexican,https://i.pinimg.com/236x/30/c0/22/30c0225908db47b5c2422730f2a663e4--burrito-recipes-tortilla-recipes.jpg
745,Mexican,https://i.pinimg.com/236x/97/ec/73/97ec731255e3af774939f560489b7255--entree-recipes-cooking-recipes.jpg
746,Mexican,https://i.pinimg.com/236x/a3/ff/4b/a3ff4b13c84b7ddc24c77d658e504a8b--roasted-garlic-hummus-cheesy-chicken-enchiladas.jpg
747,Mexican,https://i.pinimg.com/236x/a6/67/73/a6677340272385ffe4622f3b4fbc599f.jpg
748,Mexican,https://i.pinimg.com/236x/36/61/12/36611280d35c305f0a76c1bae79ca9e9--burrito-recipes-beef-recipes.jpg
749,Mexican,https://i.pinimg.com/236x/d5/61/f9/d561f9b3a4191a9e3e9c26ca07037805--newborn-pictures-newborn-pics.jpg
750,Mexican,https://i.pinimg.com/236x/33/db/03/33db03d8b7810e05128820533e6e38eb.jpg
751,Mexican,https://i.pinimg.com/236x/e8/ed/1a/e8ed1a06e0510112442be022f899bdc6.jpg
752,Mexican,https://i.pinimg.com/236x/51/71/dc/5171dc82897638d7ed0a7c03a9d9d354.jpg
753,Mexican,https://i.pinimg.com/236x/55/cf/47/55cf47755674510442e0bd4beb611805.jpg
754,Mexican,https://i.pinimg.com/236x/30/c0/22/30c0225908db47b5c2422730f2a663e4--burrito-recipes-tortilla-recipes.jpg
755,Mexican,https://i.pinimg.com/236x/97/ec/73/97ec731255e3af774939f560489b7255--entree-recipes-cooking-recipes.jpg
756,Mexican,https://i.pinimg.com/236x/a3/ff/4b/a3ff4b13c84b7ddc24c77d658e504a8b--roasted-garlic-hummus-cheesy-chicken-enchiladas.jpg
757,Mexican,https://i.pinimg.com/236x/a6/67/73/a6677340272385ffe4622f3b4fbc599f.jpg
758,Mexican,https://i.pinimg.com/236x/36/61/12/36611280d35c305f0a76c1bae79ca9e9--burrito-recipes-beef-recipes.jpg
759,Mexican,https://i.pinimg.com/236x/d5/61/f9/d561f9b3a4191a9e3e9c26ca07037805--newborn-pictures-newborn-pics.jpg
760,Mexican,https://i.pinimg.com/236x/33/db/03/33db03d8b7810e05128820533e6e38eb.jpg
761,Mexican,https://i.pinimg.com/236x/e8/ed/1a/e8ed1a06e0510112442be022f899bdc6.jpg
762,Mexican,https://i.pinimg.com/236x/51/71/dc/5171dc82897638d7ed0a7c03a9d9d354.jpg
763,Mexican,https://i.pinimg.com/236x/55/cf/47/55cf47755674510442e0bd4beb611805.jpg
764,Mexican,https://i.pinimg.com/236x/30/c0/22/30c0225908db47b5c2422730f2a663e4--burrito-recipes-tortilla-recipes.jpg
765,Mexican,https://i.pinimg.com/236x/97/ec/73/97ec731255e3af774939f560489b7255--entree-recipes-cooking-recipes.jpg
766,Mexican,https://i.pinimg.com/236x/a3/ff/4b/a3ff4b13c84b7ddc24c77d658e504a8b--roasted-garlic-hummus-cheesy-chicken-enchiladas.jpg
767,Mexican,https://i.pinimg.com/236x/a6/67/73/a6677340272385ffe4622f3b4fbc599f.jpg
768,Mexican,https://i.pinimg.com/236x/36/61/12/36611280d35c305f0a76c1bae79ca9e9--burrito-recipes-beef-recipes.jpg
769,Mexican,https://i.pinimg.com/236x/d5/61/f9/d561f9b3a4191a9e3e9c26ca07037805--newborn-pictures-newborn-pics.jpg
770,Mexican,https://i.pinimg.com/236x/33/db/03/33db03d8b7810e05128820533e6e38eb.jpg
771,Mexican,https://i.pinimg.com/236x/e8/ed/1a/e8ed1a06e0510112442be022f899bdc6.jpg
772,Mexican,https://i.pinimg.com/236x/51/71/dc/5171dc82897638d7ed0a7c03a9d9d354.jpg
773,Mexican,https://i.pinimg.com/236x/55/cf/47/55cf47755674510442e0bd4beb611805.jpg
774,Mexican,https://i.pinimg.com/236x/30/c0/22/30c0225908db47b5c2422730f2a663e4--burrito-recipes-tortilla-recipes.jpg
775,Mexican,https://i.pinimg.com/236x/97/ec/73/97ec731255e3af774939f560489b7255--entree-recipes-cooking-recipes.jpg
776,Mexican,https://i.pinimg.com/236x/a3/ff/4b/a3ff4b13c84b7ddc24c77d658e504a8b--roasted-garlic-hummus-cheesy-chicken-enchiladas.jpg
