,name,type,urls
0,1. Restaurante de Sichuan,Argentinean,/Restaurant_Review-g187514-d9721997-Reviews-Restaurante_de_Sichuan-Madrid.html
1,2. CHILA,Argentinean,/Restaurant_Review-g187514-d19888523-Reviews-CHILA-Madrid.html
2,3. Royal Cantones,Argentinean,/Restaurant_Review-g187514-d2024342-Reviews-Royal_Cantones-Madrid.html
3,4. Dim Sum Market,Argentinean,/Restaurant_Review-g187514-d7994703-Reviews-Dim_Sum_Market-Madrid.html
4,5. Tse-Yang,Argentinean,/Restaurant_Review-g187514-d718428-Reviews-Tse_Yang-Madrid.html
5,6. Casa Lafu Restaurante,Argentinean,/Restaurant_Review-g187514-d8122521-Reviews-Casa_Lafu_Restaurante-Madrid.html
6,7. El Bund,Argentinean,/Restaurant_Review-g187514-d1838840-Reviews-El_Bund-Madrid.html
7,8. El Buda Feliz,Argentinean,/Restaurant_Review-g187514-d751619-Reviews-El_Buda_Feliz-Madrid.html
8,9. Sanghai Mama,Argentinean,/Restaurant_Review-g187514-d12220496-Reviews-Sanghai_Mama-Madrid.html
9,10. Kzen,Argentinean,/Restaurant_Review-g187514-d2484681-Reviews-Kzen-Madrid.html
10,11. El Rincon De Pangpang,Argentinean,/Restaurant_Review-g187514-d8723771-Reviews-El_Rincon_De_Pangpang-Madrid.html
11,12. Biang Biang Bar,Argentinean,/Restaurant_Review-g187514-d17652668-Reviews-Biang_Biang_Bar-Madrid.html
12,13. Chan Street,Argentinean,/Restaurant_Review-g187514-d11774992-Reviews-Chan_Street-Madrid.html
13,14. Yue Lai,Argentinean,/Restaurant_Review-g187514-d3774132-Reviews-Yue_Lai-Madrid.html
14,15. MIN 1947,Argentinean,/Restaurant_Review-g187514-d22848763-Reviews-MIN_1947-Madrid.html
15,16. Restaurante China Crown Madrid,Argentinean,/Restaurant_Review-g187514-d21250319-Reviews-Restaurante_China_Crown_Madrid-Madrid.html
16,17. Hunan Restaurant,Argentinean,/Restaurant_Review-g187514-d15082541-Reviews-Hunan_Restaurant-Madrid.html
17,18. Hong Kong Kitchen,Argentinean,/Restaurant_Review-g187514-d15066015-Reviews-Hong_Kong_Kitchen-Madrid.html
18,19. Ni Hao Arturo Soria,Argentinean,/Restaurant_Review-g187514-d990909-Reviews-Ni_Hao_Arturo_Soria-Madrid.html
19,20. RESTAURANTE Buen Gusto,Argentinean,/Restaurant_Review-g187514-d806802-Reviews-RESTAURANTE_Buen_Gusto-Madrid.html
20,21. China Te,Argentinean,/Restaurant_Review-g187514-d814032-Reviews-China_Te-Madrid.html
21,22. Kung Fu Bar Restaurante,Argentinean,/Restaurant_Review-g187514-d7141009-Reviews-Kung_Fu_Bar_Restaurante-Madrid.html
22,23. Long Tu,Argentinean,/Restaurant_Review-g187514-d991013-Reviews-Long_Tu-Madrid.html
23,24. Tangchu,Argentinean,/Restaurant_Review-g187514-d14924394-Reviews-Tangchu-Madrid.html
24,25. Wok Garden Azca,Argentinean,/Restaurant_Review-g187514-d7714806-Reviews-Wok_Garden_Azca-Madrid.html
25,26. Restaurante Dong Feng,Argentinean,/Restaurant_Review-g187514-d13414492-Reviews-Restaurante_Dong_Feng-Madrid.html
26,27. Restaurante xiaoman,Argentinean,/Restaurant_Review-g187514-d12725586-Reviews-Restaurante_xiaoman-Madrid.html
27,28. Gran Hong Kong,Argentinean,/Restaurant_Review-g187514-d2078308-Reviews-Gran_Hong_Kong-Madrid.html
28,29. Lao Tou,Argentinean,/Restaurant_Review-g187514-d4609312-Reviews-Lao_Tou-Madrid.html
29,30. Ni Hao,Argentinean,/Restaurant_Review-g187514-d2371350-Reviews-Ni_Hao-Madrid.html
30,31. Restaurante Oriental Palace,Argentinean,/Restaurant_Review-g187514-d5796035-Reviews-Restaurante_Oriental_Palace-Madrid.html
31,32. Restaurante Thong,Argentinean,/Restaurant_Review-g187514-d2445203-Reviews-Restaurante_Thong-Madrid.html
32,33. Restaurante Wangwang,Argentinean,/Restaurant_Review-g187514-d5884481-Reviews-Restaurante_Wangwang-Madrid.html
33,34. Asia Te,Argentinean,/Restaurant_Review-g187514-d2096546-Reviews-Asia_Te-Madrid.html
34,35. Don Lay,Argentinean,/Restaurant_Review-g187514-d17839180-Reviews-Don_Lay-Madrid.html
35,36. Megu,Argentinean,/Restaurant_Review-g187514-d8559989-Reviews-Megu-Madrid.html
36,37. Sabor Sichuan,Argentinean,/Restaurant_Review-g187514-d9711619-Reviews-Sabor_Sichuan-Madrid.html
37,38. Empanadillas Los Tres Cerditos,Argentinean,/Restaurant_Review-g187514-d16667711-Reviews-Empanadillas_Los_Tres_Cerditos-Madrid.html
38,39. Restaurante Dimdim,Argentinean,/Restaurant_Review-g187514-d10121012-Reviews-Restaurante_Dimdim-Madrid.html
39,40. Acento Cantones,Argentinean,/Restaurant_Review-g187514-d14915043-Reviews-Acento_Cantones-Madrid.html
40,41. El Winnie,Argentinean,/Restaurant_Review-g187514-d12178519-Reviews-El_Winnie-Madrid.html
41,42. Joya Oriental,Argentinean,/Restaurant_Review-g187514-d5487712-Reviews-Joya_Oriental-Madrid.html
42,43. Casa Lee,Argentinean,/Restaurant_Review-g187514-d987889-Reviews-Casa_Lee-Madrid.html
43,44. Restaurante Xiongzai,Argentinean,/Restaurant_Review-g187514-d13079208-Reviews-Restaurante_Xiongzai-Madrid.html
44,45. Wok Sun,Argentinean,/Restaurant_Review-g187514-d7260303-Reviews-Wok_Sun-Madrid.html
45,46. Toy Panda Baos & Dim Sum,Argentinean,/Restaurant_Review-g187514-d8730113-Reviews-Toy_Panda_Baos_Dim_Sum-Madrid.html
46,47. Restaurant Chuanyu,Argentinean,/Restaurant_Review-g187514-d7226541-Reviews-Restaurant_Chuanyu-Madrid.html
47,48. Shi-Shang,Argentinean,/Restaurant_Review-g187514-d4312035-Reviews-Shi_Shang-Madrid.html
48,49. Tapas de China,Argentinean,/Restaurant_Review-g187514-d15242110-Reviews-Tapas_de_China-Madrid.html
49,50. Ni Hao Sanchinarro,Argentinean,/Restaurant_Review-g187514-d2101680-Reviews-Ni_Hao_Sanchinarro-Madrid.html
50,51. ChachaMoon,Argentinean,/Restaurant_Review-g187514-d7124606-Reviews-ChachaMoon-Madrid.html
51,52. Palacio del Dragon,Argentinean,/Restaurant_Review-g187514-d5776153-Reviews-Palacio_del_Dragon-Madrid.html
52,53. El Rey de Tallarines,Argentinean,/Restaurant_Review-g187514-d1115902-Reviews-El_Rey_de_Tallarines-Madrid.html
53,54. Mulan,Argentinean,/Restaurant_Review-g187514-d988069-Reviews-Mulan-Madrid.html
54,55. Donghua House,Argentinean,/Restaurant_Review-g187514-d12637277-Reviews-Donghua_House-Madrid.html
55,56. Hero Hot-Pot,Argentinean,/Restaurant_Review-g187514-d8471643-Reviews-Hero_Hot_Pot-Madrid.html
56,57. Alta Cocina Oriental Jinode,Argentinean,/Restaurant_Review-g187514-d3521785-Reviews-Alta_Cocina_Oriental_Jinode-Madrid.html
57,58. Restaurante Guang Zhou,Argentinean,/Restaurant_Review-g187514-d8858241-Reviews-Restaurante_Guang_Zhou-Madrid.html
58,59. Restaurante Sur,Argentinean,/Restaurant_Review-g187514-d2199950-Reviews-Restaurante_Sur-Madrid.html
59,60. Sichuan,Argentinean,/Restaurant_Review-g187514-d8092946-Reviews-Sichuan-Madrid.html
60,61. Hong Kong 70,Argentinean,/Restaurant_Review-g187514-d16726207-Reviews-Hong_Kong_70-Madrid.html
61,62. La Villa,Argentinean,/Restaurant_Review-g187514-d7732667-Reviews-La_Villa-Madrid.html
62,63. Guo Rong,Argentinean,/Restaurant_Review-g187514-d12542285-Reviews-Guo_Rong-Madrid.html
63,64. Zen Market,Argentinean,/Restaurant_Review-g187514-d2191141-Reviews-Zen_Market-Madrid.html
64,65. Mo Restaurante,Argentinean,/Restaurant_Review-g187514-d10903307-Reviews-Mo_Restaurante-Madrid.html
65,66. Casa Guanchao,Argentinean,/Restaurant_Review-g187514-d8560032-Reviews-Casa_Guanchao-Madrid.html
66,67. Tropikal Luxury Buffet,Argentinean,/Restaurant_Review-g187514-d12686546-Reviews-Tropikal_Luxury_Buffet-Madrid.html
67,68. Xiangzili,Argentinean,/Restaurant_Review-g187514-d13272921-Reviews-Xiangzili-Madrid.html
68,69. Restaurante Kokochin,Argentinean,/Restaurant_Review-g187514-d23803914-Reviews-Restaurante_Kokochin-Madrid.html
69,70. Shan Hai City,Argentinean,/Restaurant_Review-g187514-d990719-Reviews-Shan_Hai_City-Madrid.html
70,71. Restaurante Hutong,Argentinean,/Restaurant_Review-g187514-d17755165-Reviews-Restaurante_Hutong-Madrid.html
71,72. Chino Fulitu,Argentinean,/Restaurant_Review-g187514-d991568-Reviews-Chino_Fulitu-Madrid.html
72,73. Dong Feng,Argentinean,/Restaurant_Review-g187514-d991505-Reviews-Dong_Feng-Madrid.html
73,74. Xiong Zi Jie Chan Fang,Argentinean,/Restaurant_Review-g187514-d11951373-Reviews-Xiong_Zi_Jie_Chan_Fang-Madrid.html
74,75. Mandarin,Argentinean,/Restaurant_Review-g187514-d10177910-Reviews-Mandarin-Madrid.html
75,76. Kintaro,Argentinean,/Restaurant_Review-g187514-d1065269-Reviews-Kintaro-Madrid.html
76,77. Casa de Jin,Argentinean,/Restaurant_Review-g187514-d5794890-Reviews-Casa_de_Jin-Madrid.html
77,78. Asian Restaurant,Argentinean,/Restaurant_Review-g187514-d19100855-Reviews-Asian_Restaurant-Madrid.html
78,79. Guang Dong City,Argentinean,/Restaurant_Review-g187514-d5794492-Reviews-Guang_Dong_City-Madrid.html
79,80. Home Burger Bar,Argentinean,/Restaurant_Review-g187514-d3299417-Reviews-Home_Burger_Bar-Madrid.html
80,81. Shanghai Mama Las Tablas,Argentinean,/Restaurant_Review-g187514-d25150857-Reviews-Shanghai_Mama_Las_Tablas-Madrid.html
81,82. Sichuan Kitchen,Argentinean,/Restaurant_Review-g187514-d25348667-Reviews-Sichuan_Kitchen-Madrid.html
82,83. Le Petit Dim Sum,Argentinean,/Restaurant_Review-g187514-d23769703-Reviews-Le_Petit_Dim_Sum-Madrid.html
83,84. Palacio de Oriente,Argentinean,/Restaurant_Review-g187514-d2153237-Reviews-Palacio_de_Oriente-Madrid.html
84,85. Jardin Feliz,Argentinean,/Restaurant_Review-g187514-d5614444-Reviews-Jardin_Feliz-Madrid.html
85,86. 100% Sano,Argentinean,/Restaurant_Review-g187514-d15342950-Reviews-100_Sano-Madrid.html
86,87. Palacio Imperial,Argentinean,/Restaurant_Review-g187514-d1504245-Reviews-Palacio_Imperial-Madrid.html
87,88. City Garden,Argentinean,/Restaurant_Review-g187514-d1047642-Reviews-City_Garden-Madrid.html
88,89. Restaurante Perla Oriental,Argentinean,/Restaurant_Review-g187514-d5489591-Reviews-Restaurante_Perla_Oriental-Madrid.html
89,90. Bammbao,Argentinean,/Restaurant_Review-g187514-d23885025-Reviews-Bammbao-Madrid.html
90,91. Restaurante Plaza del Angel,Argentinean,/Restaurant_Review-g187514-d13321320-Reviews-Restaurante_Plaza_del_Angel-Madrid.html
91,92. Hui Fon,Argentinean,/Restaurant_Review-g187514-d6579449-Reviews-Hui_Fon-Madrid.html
92,93. Happiness,Argentinean,/Restaurant_Review-g187514-d6456660-Reviews-Happiness-Madrid.html
93,94. Restaurante Te Oriental,Argentinean,/Restaurant_Review-g187514-d4748208-Reviews-Restaurante_Te_Oriental-Madrid.html
94,95. Chino City Flower,Argentinean,/Restaurant_Review-g187514-d5444939-Reviews-Chino_City_Flower-Madrid.html
95,96. Ouhua,Argentinean,/Restaurant_Review-g187514-d4914989-Reviews-Ouhua-Madrid.html
96,97. La Buena Suerte Restaurante Chino,Argentinean,/Restaurant_Review-g187514-d1755922-Reviews-La_Buena_Suerte_Restaurante_Chino-Madrid.html
97,98. SUMO Cuzco,Argentinean,/Restaurant_Review-g187514-d8462261-Reviews-SUMO_Cuzco-Madrid.html
98,99. Rice,Argentinean,/Restaurant_Review-g187514-d13451188-Reviews-Rice-Madrid.html
99,100. Restaurante Tapa China,Argentinean,/Restaurant_Review-g187514-d15601372-Reviews-Restaurante_Tapa_China-Madrid.html
100,101. Kung Fu,Argentinean,/Restaurant_Review-g187514-d5584415-Reviews-Kung_Fu-Madrid.html
101,102. Palacio Imperal,Argentinean,/Restaurant_Review-g187514-d7733551-Reviews-Palacio_Imperal-Madrid.html
102,103. Casa Jinlai,Argentinean,/Restaurant_Review-g187514-d15077637-Reviews-Casa_Jinlai-Madrid.html
103,104. Mutte,Argentinean,/Restaurant_Review-g187514-d4083758-Reviews-Mutte-Madrid.html
104,105. Supermercado Nan-Yea,Argentinean,/Restaurant_Review-g187514-d10365361-Reviews-Supermercado_Nan_Yea-Madrid.html
105,106. Dinasty,Argentinean,/Restaurant_Review-g187514-d4126454-Reviews-Dinasty-Madrid.html
106,107. Chino Dragon Inn,Argentinean,/Restaurant_Review-g187514-d5614393-Reviews-Chino_Dragon_Inn-Madrid.html
107,108. IGo Pasta,Argentinean,/Restaurant_Review-g187514-d7260037-Reviews-IGo_Pasta-Madrid.html
108,109. Flor de Primavera,Argentinean,/Restaurant_Review-g187514-d3173592-Reviews-Flor_de_Primavera-Madrid.html
109,110. China City,Argentinean,/Restaurant_Review-g187514-d5775862-Reviews-China_City-Madrid.html
110,111. Eat is wok,Argentinean,/Restaurant_Review-g187514-d4224466-Reviews-Eat_is_wok-Madrid.html
111,112. Jin Gu,Argentinean,/Restaurant_Review-g187514-d8700282-Reviews-Jin_Gu-Madrid.html
112,113. Restaurante Chino Ches,Argentinean,/Restaurant_Review-g187514-d13461853-Reviews-Restaurante_Chino_Ches-Madrid.html
113,114. Casa Pei +,Argentinean,/Restaurant_Review-g187514-d25315009-Reviews-Casa_Pei-Madrid.html
114,115. Jardin de China Yin,Argentinean,/Restaurant_Review-g187514-d5486943-Reviews-Jardin_de_China_Yin-Madrid.html
115,116. Mi Wok,Argentinean,/Restaurant_Review-g187514-d15144663-Reviews-Mi_Wok-Madrid.html
116,117. Radiante,Argentinean,/Restaurant_Review-g187514-d5811095-Reviews-Radiante-Madrid.html
117,118. Restaurante Hong,Argentinean,/Restaurant_Review-g187514-d2365786-Reviews-Restaurante_Hong-Madrid.html
118,119. Fulijua,Argentinean,/Restaurant_Review-g187514-d5794921-Reviews-Fulijua-Madrid.html
119,120. Restaurante Mirasol,Argentinean,/Restaurant_Review-g187514-d12141969-Reviews-Restaurante_Mirasol-Madrid.html
120,121. Hong Kong City,Argentinean,/Restaurant_Review-g187514-d5616838-Reviews-Hong_Kong_City-Madrid.html
121,122. Akasaka,Argentinean,/Restaurant_Review-g187514-d987843-Reviews-Akasaka-Madrid.html
122,123. SaborCasero,Argentinean,/Restaurant_Review-g187514-d17432229-Reviews-SaborCasero-Madrid.html
123,124. El Jardin Del Oriente,Argentinean,/Restaurant_Review-g187514-d5608940-Reviews-El_Jardin_Del_Oriente-Madrid.html
124,125. Yorokobi,Argentinean,/Restaurant_Review-g187514-d23797293-Reviews-Yorokobi-Madrid.html
125,126. Fan Hua,Argentinean,/Restaurant_Review-g187514-d1753682-Reviews-Fan_Hua-Madrid.html
126,127. Restaurante Tokyo,Argentinean,/Restaurant_Review-g187514-d5884733-Reviews-Restaurante_Tokyo-Madrid.html
127,128. piaopiaobar,Argentinean,/Restaurant_Review-g187514-d7914402-Reviews-Piaopiaobar-Madrid.html
128,129. Ta chi lin,Argentinean,/Restaurant_Review-g187514-d2400679-Reviews-Ta_chi_lin-Madrid.html
129,130. Fu Hao,Argentinean,/Restaurant_Review-g187514-d5616737-Reviews-Fu_Hao-Madrid.html
130,131. Chino Central,Argentinean,/Restaurant_Review-g187514-d5776077-Reviews-Chino_Central-Madrid.html
131,132. Bambu Garden,Argentinean,/Restaurant_Review-g187514-d12152964-Reviews-Bambu_Garden-Madrid.html
132,133. Restaurante Luxury,Argentinean,/Restaurant_Review-g187514-d8624466-Reviews-Restaurante_Luxury-Madrid.html
133,134. Restaurante Acuario,Argentinean,/Restaurant_Review-g187514-d990811-Reviews-Restaurante_Acuario-Madrid.html
134,135. Shanghai Station Sol,Argentinean,/Restaurant_Review-g187514-d24857030-Reviews-Shanghai_Station_Sol-Madrid.html
135,136. Restaurante Gran Jardin Feliz,Argentinean,/Restaurant_Review-g187514-d5794860-Reviews-Restaurante_Gran_Jardin_Feliz-Madrid.html
136,137. Restaurante La Bahia,Argentinean,/Restaurant_Review-g187514-d6923199-Reviews-Restaurante_La_Bahia-Madrid.html
137,138. La Muralla,Argentinean,/Restaurant_Review-g187514-d2204925-Reviews-La_Muralla-Madrid.html
138,139. Kunfu,Argentinean,/Restaurant_Review-g187514-d10810804-Reviews-Kunfu-Madrid.html
139,140. Chong Qing Taste,Argentinean,/Restaurant_Review-g187514-d12612793-Reviews-Chong_Qing_Taste-Madrid.html
140,141. Bowl Express,Argentinean,/Restaurant_Review-g187514-d11657373-Reviews-Bowl_Express-Madrid.html
141,142. Jia Jia Pai Dang,Argentinean,/Restaurant_Review-g187514-d12080463-Reviews-Jia_Jia_Pai_Dang-Madrid.html
142,143. Wok King,Argentinean,/Restaurant_Review-g187514-d10821163-Reviews-Wok_King-Madrid.html
143,144. Gyoza Go!,Argentinean,/Restaurant_Review-g187514-d13325344-Reviews-Gyoza_Go-Madrid.html
144,145. Restaurante El Tesoro,Argentinean,/Restaurant_Review-g187514-d4191703-Reviews-Restaurante_El_Tesoro-Madrid.html
145,146. Zen Bamboo,Argentinean,/Restaurant_Review-g187514-d5498630-Reviews-Zen_Bamboo-Madrid.html
146,147. Wok 4 You,Argentinean,/Restaurant_Review-g187514-d9563507-Reviews-Wok_4_You-Madrid.html
147,148. Tei,Argentinean,/Restaurant_Review-g187514-d990703-Reviews-Tei-Madrid.html
148,149. El Sol,Argentinean,/Restaurant_Review-g187514-d8753548-Reviews-El_Sol-Madrid.html
149,150. Restaurante Alegria,Argentinean,/Restaurant_Review-g187514-d5493061-Reviews-Restaurante_Alegria-Madrid.html
150,151. Dimsum Market Chamberi,Argentinean,/Restaurant_Review-g187514-d20266949-Reviews-Dimsum_Market_Chamberi-Madrid.html
151,152. Yu Ren Bar &Taberna,Argentinean,/Restaurant_Review-g187514-d14157210-Reviews-Yu_Ren_Bar_Taberna-Madrid.html
152,153. Restaurante Chino Victoria,Argentinean,/Restaurant_Review-g187514-d5615149-Reviews-Restaurante_Chino_Victoria-Madrid.html
153,154. Aqua Blue Madrid,Argentinean,/Restaurant_Review-g187514-d4223995-Reviews-Aqua_Blue_Madrid-Madrid.html
154,155. Oriental Victoria,Argentinean,/Restaurant_Review-g187514-d5795158-Reviews-Oriental_Victoria-Madrid.html
155,156. Shen Zhou,Argentinean,/Restaurant_Review-g187514-d5614343-Reviews-Shen_Zhou-Madrid.html
156,157. Xake,Argentinean,/Restaurant_Review-g187514-d3342376-Reviews-Xake-Madrid.html
157,158. Singapur,Argentinean,/Restaurant_Review-g187514-d5811096-Reviews-Singapur-Madrid.html
158,159. Sabor Cantones,Argentinean,/Restaurant_Review-g187514-d19469831-Reviews-Sabor_Cantones-Madrid.html
159,160. Estrella central,Argentinean,/Restaurant_Review-g187514-d4762211-Reviews-Estrella_central-Madrid.html
160,161. Restaurante Don Hot Pot,Argentinean,/Restaurant_Review-g187514-d20104021-Reviews-Restaurante_Don_Hot_Pot-Madrid.html
161,162. Wok Bravo!,Argentinean,/Restaurant_Review-g187514-d12901161-Reviews-Wok_Bravo-Madrid.html
162,163. Wok Passion,Argentinean,/Restaurant_Review-g187514-d8099684-Reviews-Wok_Passion-Madrid.html
163,164. Wok Fresh,Argentinean,/Restaurant_Review-g187514-d7618949-Reviews-Wok_Fresh-Madrid.html
164,165. Xiang Asia Restaurant,Argentinean,/Restaurant_Review-g187514-d4914988-Reviews-Xiang_Asia_Restaurant-Madrid.html
165,166. Fang,Argentinean,/Restaurant_Review-g187514-d7125485-Reviews-Fang-Madrid.html
166,167. Orient,Argentinean,/Restaurant_Review-g187514-d8424845-Reviews-Orient-Madrid.html
167,168. Tsukuri Soba,Argentinean,/Restaurant_Review-g187514-d22939261-Reviews-Tsukuri_Soba-Madrid.html
168,169. Hotpot De Sichuan,Argentinean,/Restaurant_Review-g187514-d13398015-Reviews-Hotpot_De_Sichuan-Madrid.html
169,170. Style Shanghai,Argentinean,/Restaurant_Review-g187514-d14766003-Reviews-Style_Shanghai-Madrid.html
170,171. Ciudad Feliz,Argentinean,/Restaurant_Review-g187514-d7720993-Reviews-Ciudad_Feliz-Madrid.html
171,172. Gran Hong Kong,Argentinean,/Restaurant_Review-g187514-d5795327-Reviews-Gran_Hong_Kong-Madrid.html
172,173. SUMO Fuencarral,Argentinean,/Restaurant_Review-g187514-d6703281-Reviews-SUMO_Fuencarral-Madrid.html
173,174. El Rey de los Tallarines,Argentinean,/Restaurant_Review-g187514-d10799896-Reviews-El_Rey_de_los_Tallarines-Madrid.html
174,175. Casa Bambu,Argentinean,/Restaurant_Review-g187514-d991645-Reviews-Casa_Bambu-Madrid.html
175,176. Shanghai Station Juan Bravo,Argentinean,/Restaurant_Review-g187514-d15360610-Reviews-Shanghai_Station_Juan_Bravo-Madrid.html
176,177. 1-2-3 Wok,Argentinean,/Restaurant_Review-g187514-d4455722-Reviews-1_2_3_Wok-Madrid.html
177,178. Restaurante Dayuan,Argentinean,/Restaurant_Review-g187514-d5486569-Reviews-Restaurante_Dayuan-Madrid.html
178,179. Restaurante Chino Victoria III,Argentinean,/Restaurant_Review-g187514-d11652067-Reviews-Restaurante_Chino_Victoria_III-Madrid.html
179,180. Xi An,Argentinean,/Restaurant_Review-g187514-d15677569-Reviews-Xi_An-Madrid.html
180,181. Restaurante Bonsai Garden,Argentinean,/Restaurant_Review-g187514-d1232052-Reviews-Restaurante_Bonsai_Garden-Madrid.html
181,182. Da Fa Restaurante,Argentinean,/Restaurant_Review-g187514-d5794940-Reviews-Da_Fa_Restaurante-Madrid.html
182,183. Telemandarin,Argentinean,/Restaurant_Review-g187514-d10342481-Reviews-Telemandarin-Madrid.html
183,184. Xiaolongkan Hot Pot,Argentinean,/Restaurant_Review-g187514-d23482816-Reviews-Xiaolongkan_Hot_Pot-Madrid.html
184,185. Restaurante Dong Ge,Argentinean,/Restaurant_Review-g187514-d990788-Reviews-Restaurante_Dong_Ge-Madrid.html
185,186. Casa De Yu,Argentinean,/Restaurant_Review-g187514-d15551049-Reviews-Casa_De_Yu-Madrid.html
186,187. Tao 369,Argentinean,/Restaurant_Review-g187514-d9747270-Reviews-Tao_369-Madrid.html
187,188. Da Jin Hong,Argentinean,/Restaurant_Review-g187514-d11694296-Reviews-Da_Jin_Hong-Madrid.html
188,189. Restaurante Chino Centro,Argentinean,/Restaurant_Review-g187514-d10468098-Reviews-Restaurante_Chino_Centro-Madrid.html
189,190. Restaurante Chino Universo,Argentinean,/Restaurant_Review-g187514-d7304060-Reviews-Restaurante_Chino_Universo-Madrid.html
190,191. Wok Shanghai,Argentinean,/Restaurant_Review-g187514-d8684269-Reviews-Wok_Shanghai-Madrid.html
191,192. Kai Yuan,Argentinean,/Restaurant_Review-g187514-d12002100-Reviews-Kai_Yuan-Madrid.html
192,193. Palacio de Oriente,Argentinean,/Restaurant_Review-g187514-d17139638-Reviews-Palacio_de_Oriente-Madrid.html
193,194. Lanzhou Empanaderia Ramen,Argentinean,/Restaurant_Review-g187514-d20175211-Reviews-Lanzhou_Empanaderia_Ramen-Madrid.html
194,195. Li Ming,Argentinean,/Restaurant_Review-g187514-d4674809-Reviews-Li_Ming-Madrid.html
195,196. Osaka,Argentinean,/Restaurant_Review-g187514-d5487269-Reviews-Osaka-Madrid.html
196,197. Kaigang Restaurante,Argentinean,/Restaurant_Review-g187514-d19488037-Reviews-Kaigang_Restaurante-Madrid.html
197,198. El Rincon Del Chifa Peruano,Argentinean,/Restaurant_Review-g187514-d11724170-Reviews-El_Rincon_Del_Chifa_Peruano-Madrid.html
198,199. Wok 4 You III,Argentinean,/Restaurant_Review-g187514-d12435699-Reviews-Wok_4_You_III-Madrid.html
199,200. Wok Garden,Argentinean,/Restaurant_Review-g187514-d5796095-Reviews-Wok_Garden-Madrid.html
200,201. Warawara,Argentinean,/Restaurant_Review-g187514-d14010261-Reviews-Warawara-Madrid.html
201,202. Restaurante Montecarmelo Cafe,Argentinean,/Restaurant_Review-g187514-d7323044-Reviews-Restaurante_Montecarmelo_Cafe-Madrid.html
202,203. Mandarin Express SL.,Argentinean,/Restaurant_Review-g187514-d987821-Reviews-Mandarin_Express_SL-Madrid.html
203,204. SUMO Sexta Avenida,Argentinean,/Restaurant_Review-g187514-d11965381-Reviews-SUMO_Sexta_Avenida-Madrid.html
204,205. Restaurante Pais Divino,Argentinean,/Restaurant_Review-g187514-d5486170-Reviews-Restaurante_Pais_Divino-Madrid.html
205,206. Restaurante Yang Guang,Argentinean,/Restaurant_Review-g187514-d14023644-Reviews-Restaurante_Yang_Guang-Madrid.html
206,207. Zensushi,Argentinean,/Restaurant_Review-g187514-d15121781-Reviews-Zensushi-Madrid.html
207,208. Mercado de Los Mostenses-Bar Chino,Argentinean,/Restaurant_Review-g187514-d8855203-Reviews-Mercado_de_Los_Mostenses_Bar_Chino-Madrid.html
208,209. Fuhua,Argentinean,/Restaurant_Review-g187514-d987975-Reviews-Fuhua-Madrid.html
209,210. Restaurante Asiatico Xing,Argentinean,/Restaurant_Review-g187514-d8546099-Reviews-Restaurante_Asiatico_Xing-Madrid.html
210,211. Kekexily,Argentinean,/Restaurant_Review-g187514-d6594617-Reviews-Kekexily-Madrid.html
211,212. Oriente City,Argentinean,/Restaurant_Review-g187514-d5796218-Reviews-Oriente_City-Madrid.html
212,213. Restaurante Dong Cheng,Argentinean,/Restaurant_Review-g187514-d12127413-Reviews-Restaurante_Dong_Cheng-Madrid.html
213,214. Asador Kokoxaxa,Argentinean,/Restaurant_Review-g187514-d17980748-Reviews-Asador_Kokoxaxa-Madrid.html
214,215. Shanghai Mama,Argentinean,/Restaurant_Review-g187514-d23399090-Reviews-Shanghai_Mama-Madrid.html
215,216. Huasheng,Argentinean,/Restaurant_Review-g187514-d991270-Reviews-Huasheng-Madrid.html
216,217. Kokoxaxa,Argentinean,/Restaurant_Review-g187514-d12541833-Reviews-Kokoxaxa-Madrid.html
217,218. Shanghai Station Arturo Soria,Argentinean,/Restaurant_Review-g187514-d13406179-Reviews-Shanghai_Station_Arturo_Soria-Madrid.html
218,219. Restaurante FUN,Argentinean,/Restaurant_Review-g187514-d18906549-Reviews-Restaurante_FUN-Madrid.html
219,220. Restaurante Wei,Argentinean,/Restaurant_Review-g187514-d5614517-Reviews-Restaurante_Wei-Madrid.html
220,221. Casa Del Dragon,Argentinean,/Restaurant_Review-g187514-d5486895-Reviews-Casa_Del_Dragon-Madrid.html
221,222. Jardin Bambu,Argentinean,/Restaurant_Review-g187514-d5794561-Reviews-Jardin_Bambu-Madrid.html
222,223. Helaotai,Argentinean,/Restaurant_Review-g187514-d18965639-Reviews-Helaotai-Madrid.html
223,224. Casa Real,Argentinean,/Restaurant_Review-g187514-d5486122-Reviews-Casa_Real-Madrid.html
224,225. Tse Yang Dim Sum Club,Argentinean,/Restaurant_Review-g187514-d6212036-Reviews-Tse_Yang_Dim_Sum_Club-Madrid.html
225,226. Hainao,Argentinean,/Restaurant_Review-g187514-d15038702-Reviews-Hainao-Madrid.html
226,227. Mr. DouLao,Argentinean,/Restaurant_Review-g187514-d12849289-Reviews-Mr_DouLao-Madrid.html
227,228. Asia He,Argentinean,/Restaurant_Review-g187514-d5859980-Reviews-Asia_He-Madrid.html
228,229. Spicy Soul Hot Pot,Argentinean,/Restaurant_Review-g187514-d25197649-Reviews-Spicy_Soul_Hot_Pot-Madrid.html
229,230. Shanghai Station Cuatro Torres,Argentinean,/Restaurant_Review-g187514-d23593400-Reviews-Shanghai_Station_Cuatro_Torres-Madrid.html
230,231. Soy Sohho,Argentinean,/Restaurant_Review-g187514-d23766235-Reviews-Soy_Sohho-Madrid.html
231,232. Comida Asia Express Fa,Argentinean,/Restaurant_Review-g187514-d3870000-Reviews-Comida_Asia_Express_Fa-Madrid.html
232,233. Viva Sushi,Argentinean,/Restaurant_Review-g187514-d14860633-Reviews-Viva_Sushi-Madrid.html
233,234. Hoki Sushi,Argentinean,/Restaurant_Review-g187514-d5770804-Reviews-Hoki_Sushi-Madrid.html
234,235. X bowl noodle house,Argentinean,/Restaurant_Review-g187514-d25314729-Reviews-X_bowl_noodle_house-Madrid.html
235,236. Restaurante Oriente Europa,Argentinean,/Restaurant_Review-g187514-d5444739-Reviews-Restaurante_Oriente_Europa-Madrid.html
236,237. Restaurant UME,Argentinean,/Restaurant_Review-g187514-d15757740-Reviews-Restaurant_UME-Madrid.html
237,238. Wok Garden,Argentinean,/Restaurant_Review-g187514-d10999980-Reviews-Wok_Garden-Madrid.html
238,239. Restaurante Nuevo city,Argentinean,/Restaurant_Review-g187514-d7283620-Reviews-Restaurante_Nuevo_city-Madrid.html
239,240. Restaurante Dynasty Madrid,Argentinean,/Restaurant_Review-g187514-d4220268-Reviews-Restaurante_Dynasty_Madrid-Madrid.html
240,241. Nikko,Argentinean,/Restaurant_Review-g187514-d20893790-Reviews-Nikko-Madrid.html
241,242. Empanaderia china de panda,Argentinean,/Restaurant_Review-g187514-d19918652-Reviews-Empanaderia_china_de_panda-Madrid.html
242,243. Tambo Restarante Peruano,Argentinean,/Restaurant_Review-g187514-d24977332-Reviews-Tambo_Restarante_Peruano-Madrid.html
243,244. Sushiwakka,Argentinean,/Restaurant_Review-g187514-d7714122-Reviews-Sushiwakka-Madrid.html
244,245. De Elisa Sushi,Argentinean,/Restaurant_Review-g187514-d14141794-Reviews-De_Elisa_Sushi-Madrid.html
245,246. SUMO Juan Bravo,Argentinean,/Restaurant_Review-g187514-d17709703-Reviews-SUMO_Juan_Bravo-Madrid.html
246,247. Mitiko,Argentinean,/Restaurant_Review-g187514-d23685189-Reviews-Mitiko-Madrid.html
247,248. Restaurante Asiatico Gran Siglo,Argentinean,/Restaurant_Review-g187514-d13954715-Reviews-Restaurante_Asiatico_Gran_Siglo-Madrid.html
248,249. Tang Chao,Argentinean,/Restaurant_Review-g187514-d13168340-Reviews-Tang_Chao-Madrid.html
249,250. Restaurante Chino Alegria,Argentinean,/Restaurant_Review-g187514-d24071692-Reviews-Restaurante_Chino_Alegria-Madrid.html
250,251. Nuevo Peking,Argentinean,/Restaurant_Review-g187514-d11865632-Reviews-Nuevo_Peking-Madrid.html
251,252. Mister Lee,Argentinean,/Restaurant_Review-g187514-d4581083-Reviews-Mister_Lee-Madrid.html
252,253. SUMO Gran Via,Argentinean,/Restaurant_Review-g187514-d10468722-Reviews-SUMO_Gran_Via-Madrid.html
253,254. SUMO Grill Francisco Silvela,Argentinean,/Restaurant_Review-g187514-d23323277-Reviews-SUMO_Grill_Francisco_Silvela-Madrid.html
254,255. Miss Chen,Argentinean,/Restaurant_Review-g187514-d17851590-Reviews-Miss_Chen-Madrid.html
255,256. Bar - Cafeteria Jimenez,Argentinean,/Restaurant_Review-g187514-d5551832-Reviews-Bar_Cafeteria_Jimenez-Madrid.html
256,257. Take Wok,Argentinean,/Restaurant_Review-g187514-d13279992-Reviews-Take_Wok-Madrid.html
257,258. Amazonia Chic,Argentinean,/Restaurant_Review-g187514-d15636016-Reviews-Amazonia_Chic-Madrid.html
258,259. Abundancia,Argentinean,/Restaurant_Review-g187514-d10463681-Reviews-Abundancia-Madrid.html
259,260. Chifa Peruano Jama,Argentinean,/Restaurant_Review-g187514-d21369770-Reviews-Chifa_Peruano_Jama-Madrid.html
260,261. Restaurante Zhang,Argentinean,/Restaurant_Review-g187514-d10239644-Reviews-Restaurante_Zhang-Madrid.html
261,262. Min Wei,Argentinean,/Restaurant_Review-g187514-d20149274-Reviews-Min_Wei-Madrid.html
262,263. Ramen Hakata,Argentinean,/Restaurant_Review-g187514-d15623040-Reviews-Ramen_Hakata-Madrid.html
263,264. padthaiwok. Malasana,Argentinean,/Restaurant_Review-g187514-d23844591-Reviews-Padthaiwok_Malasana-Madrid.html
264,265. Te Jazmin,Argentinean,/Restaurant_Review-g187514-d24121768-Reviews-Te_Jazmin-Madrid.html
265,266. CAPON by Jhosef Arias,Argentinean,/Restaurant_Review-g187514-d13564662-Reviews-CAPON_by_Jhosef_Arias-Madrid.html
266,267. Te Kurotaki,Argentinean,/Restaurant_Review-g187514-d17626023-Reviews-Te_Kurotaki-Madrid.html
267,268. Fan Rong,Argentinean,/Restaurant_Review-g187514-d4062230-Reviews-Fan_Rong-Madrid.html
268,269. Su Sushi Restaurante,Argentinean,/Restaurant_Review-g187514-d23159180-Reviews-Su_Sushi_Restaurante-Madrid.html
269,270. Chun Li Restaurante,Argentinean,/Restaurant_Review-g187514-d24945128-Reviews-Chun_Li_Restaurante-Madrid.html
270,271. Igo Waffle Fuencarral,Argentinean,/Restaurant_Review-g187514-d18720958-Reviews-Igo_Waffle_Fuencarral-Madrid.html
271,272. Sillao Peruano Asiatico,Argentinean,/Restaurant_Review-g187514-d23859179-Reviews-Sillao_Peruano_Asiatico-Madrid.html
272,273. El Tunel,Argentinean,/Restaurant_Review-g187514-d13416917-Reviews-El_Tunel-Madrid.html
273,274. Asia Tei,Argentinean,/Restaurant_Review-g187514-d7108863-Reviews-Asia_Tei-Madrid.html
274,275. SUMO Princesa,Argentinean,/Restaurant_Review-g187514-d23750095-Reviews-SUMO_Princesa-Madrid.html
275,276. Pure Cuisine - Tres Aguas,Argentinean,/Restaurant_Review-g187514-d23748679-Reviews-Pure_Cuisine_Tres_Aguas-Madrid.html
276,277. Mandarin Express,Argentinean,/Restaurant_Review-g187514-d5794898-Reviews-Mandarin_Express-Madrid.html
277,278. Al Gusto Pizzeria,Argentinean,/Restaurant_Review-g187514-d10802585-Reviews-Al_Gusto_Pizzeria-Madrid.html
278,279. Taiwan Foods Usera,Argentinean,/Restaurant_Review-g187514-d14905651-Reviews-Taiwan_Foods_Usera-Madrid.html
279,280. Maneki Ramen,Argentinean,/Restaurant_Review-g187514-d17572877-Reviews-Maneki_Ramen-Madrid.html
280,281. Sol,Argentinean,/Restaurant_Review-g187514-d5794485-Reviews-Sol-Madrid.html
281,282. Baoli Restaurante,Argentinean,/Restaurant_Review-g187514-d25150893-Reviews-Baoli_Restaurante-Madrid.html
282,283. Buns & Bones,Argentinean,/Restaurant_Review-g187514-d12159808-Reviews-Buns_Bones-Madrid.html
283,284. T.Q. Te De Maravillas,Argentinean,/Restaurant_Review-g187514-d8778773-Reviews-T_Q_Te_De_Maravillas-Madrid.html
284,285. Xiaolongkan,Argentinean,/Restaurant_Review-g187514-d23446468-Reviews-Xiaolongkan-Madrid.html
285,286. Bar Tosstka,Argentinean,/Restaurant_Review-g187514-d10257698-Reviews-Bar_Tosstka-Madrid.html
286,287. Meson Las Redes,Argentinean,/Restaurant_Review-g187514-d11996686-Reviews-Meson_Las_Redes-Madrid.html
287,288. Ju Yuan Xiao Guan,Argentinean,/Restaurant_Review-g187514-d14957781-Reviews-Ju_Yuan_Xiao_Guan-Madrid.html
288,289. Nono - Hotpot,Argentinean,/Restaurant_Review-g187514-d16732982-Reviews-Nono_Hotpot-Madrid.html
289,290. Restaurante China Peonia,Argentinean,/Restaurant_Review-g187514-d17795810-Reviews-Restaurante_China_Peonia-Madrid.html
290,291. Restaurante Sakura,Argentinean,/Restaurant_Review-g187514-d19434844-Reviews-Restaurante_Sakura-Madrid.html
291,292. GogoDrink,Argentinean,/Restaurant_Review-g187514-d19925661-Reviews-GogoDrink-Madrid.html
292,293. guan xian lao ma restaurante Hotpot,Argentinean,/Restaurant_Review-g187514-d21505419-Reviews-Guan_xian_lao_ma_restaurante_Hotpot-Madrid.html
293,294. Urvan Street Food,Argentinean,/Restaurant_Review-g187514-d23468665-Reviews-Urvan_Street_Food-Madrid.html
294,295. Dim Sum Market Montera,Argentinean,/Restaurant_Review-g187514-d23471776-Reviews-Dim_Sum_Market_Montera-Madrid.html
295,296. Maximo's,Argentinean,/Restaurant_Review-g187514-d23622212-Reviews-Maximo_s-Madrid.html
296,297. Pure Cuisine - Principe Pio,Argentinean,/Restaurant_Review-g187514-d23633576-Reviews-Pure_Cuisine_Principe_Pio-Madrid.html
297,298. Pure Cuisine - Parque Sur,Argentinean,/Restaurant_Review-g187514-d23731440-Reviews-Pure_Cuisine_Parque_Sur-Madrid.html
298,299. Pure Cuisine - Tetuan,Argentinean,/Restaurant_Review-g187514-d23748976-Reviews-Pure_Cuisine_Tetuan-Madrid.html
299,300. Kebab Kebabis Coffe Bar,Argentinean,/Restaurant_Review-g187514-d23956653-Reviews-Kebab_Kebabis_Coffe_Bar-Madrid.html
300,301. Yakisoba,Argentinean,/Restaurant_Review-g187514-d24146839-Reviews-Yakisoba-Madrid.html
301,302. Bar La Esquina,Argentinean,/Restaurant_Review-g187514-d24855149-Reviews-Bar_La_Esquina-Madrid.html
302,303. Chinawok Express,Argentinean,/Restaurant_Review-g187514-d25151195-Reviews-Chinawok_Express-Madrid.html
303,304. ZUJI Asian Street Food,Argentinean,/Restaurant_Review-g187514-d25352399-Reviews-ZUJI_Asian_Street_Food-Madrid.html
304,305. hao zai lai,Argentinean,/Restaurant_Review-g187514-d25420273-Reviews-Hao_zai_lai-Madrid.html
305,306. Sushi Sensei,Argentinean,/Restaurant_Review-g187514-d25558156-Reviews-Sushi_Sensei-Madrid.html
